run_id,timestamp,git_sha,backend,chunk_size,num_freqs,num_frames,stage,mean_ms,std_ms,min_ms,max_ms,pct_of_total,rt_margin
20260625_195224_GpuCWT_c16384_f116,2026-06-25 19:52:24,96936d0,GpuCWT,16384,116,27,init:pipeline,794.9253,0.0,794.9253,794.9253,,
20260625_195224_GpuCWT_c16384_f116,2026-06-25 19:52:24,96936d0,GpuCWT,16384,116,27,wait:next_chunk,174.7143,2.7037,162.2003,176.2542,,
20260625_195224_GpuCWT_c16384_f116,2026-06-25 19:52:24,96936d0,GpuCWT,16384,116,27,raw_cwt,5.4999,0.337,5.172,6.6097,51.48,
20260625_195224_GpuCWT_c16384_f116,2026-06-25 19:52:24,96936d0,GpuCWT,16384,116,27,normalize,0.0,0.0,0.0,0.0,0.0,
20260625_195224_GpuCWT_c16384_f116,2026-06-25 19:52:24,96936d0,GpuCWT,16384,116,27,magnitude,0.7471,0.1309,0.5995,1.0578,6.99,
20260625_195224_GpuCWT_c16384_f116,2026-06-25 19:52:24,96936d0,GpuCWT,16384,116,27,edge_trim,0.004,0.0014,0.0023,0.0068,0.04,
20260625_195224_GpuCWT_c16384_f116,2026-06-25 19:52:24,96936d0,GpuCWT,16384,116,27,hop_center,0.0068,0.0018,0.0043,0.0104,0.06,
20260625_195224_GpuCWT_c16384_f116,2026-06-25 19:52:24,96936d0,GpuCWT,16384,116,27,downsample,0.1167,0.0179,0.0933,0.1597,1.09,
20260625_195224_GpuCWT_c16384_f116,2026-06-25 19:52:24,96936d0,GpuCWT,16384,116,27,render,4.3084,2.6796,3.196,17.1596,40.33,
20260625_195224_GpuCWT_c16384_f116,2026-06-25 19:52:24,96936d0,GpuCWT,16384,116,27,TOTAL,10.6829,2.7358,9.1395,23.4122,100.0,17.388
20260625_195754_GpuCWT_c16384_f116,2026-06-25 19:57:54,96936d0,GpuCWT,16384,116,27,init:pipeline,839.1263,0.0,839.1263,839.1263,,
20260625_195754_GpuCWT_c16384_f116,2026-06-25 19:57:54,96936d0,GpuCWT,16384,116,27,wait:next_chunk,174.9395,1.97,166.107,176.2493,,
20260625_195754_GpuCWT_c16384_f116,2026-06-25 19:57:54,96936d0,GpuCWT,16384,116,27,raw_cwt,5.4938,0.2498,5.0945,6.0554,52.43,
20260625_195754_GpuCWT_c16384_f116,2026-06-25 19:57:54,96936d0,GpuCWT,16384,116,27,normalize,0.0,0.0,0.0,0.0,0.0,
20260625_195754_GpuCWT_c16384_f116,2026-06-25 19:57:54,96936d0,GpuCWT,16384,116,27,magnitude,0.683,0.119,0.5581,1.1365,6.52,
20260625_195754_GpuCWT_c16384_f116,2026-06-25 19:57:54,96936d0,GpuCWT,16384,116,27,edge_trim,0.0042,0.0025,0.0024,0.0153,0.04,
20260625_195754_GpuCWT_c16384_f116,2026-06-25 19:57:54,96936d0,GpuCWT,16384,116,27,hop_center,0.0061,0.0018,0.0045,0.0125,0.06,
20260625_195754_GpuCWT_c16384_f116,2026-06-25 19:57:54,96936d0,GpuCWT,16384,116,27,downsample,0.1045,0.0152,0.0756,0.1602,1.0,
20260625_195754_GpuCWT_c16384_f116,2026-06-25 19:57:54,96936d0,GpuCWT,16384,116,27,render,4.1872,2.0501,3.2863,13.7808,39.96,
20260625_195754_GpuCWT_c16384_f116,2026-06-25 19:57:54,96936d0,GpuCWT,16384,116,27,TOTAL,10.4787,2.0031,9.1979,19.5167,100.0,17.727
20260625_222123_GpuCWT_c16384_f116,2026-06-25 22:21:23,96936d0,GpuCWT,16384,116,27,init:pipeline,844.2184,0.0,844.2184,844.2184,,
20260625_222123_GpuCWT_c16384_f116,2026-06-25 22:21:23,96936d0,GpuCWT,16384,116,27,wait:next_chunk,174.1849,2.7616,161.4579,175.6647,,
20260625_222123_GpuCWT_c16384_f116,2026-06-25 22:21:23,96936d0,GpuCWT,16384,116,27,fft_cpu,1.2222,0.0827,1.1364,1.5383,10.92,
20260625_222123_GpuCWT_c16384_f116,2026-06-25 22:21:23,96936d0,GpuCWT,16384,116,27,upload,0.3566,0.1684,0.2648,1.1651,3.19,
20260625_222123_GpuCWT_c16384_f116,2026-06-25 22:21:23,96936d0,GpuCWT,16384,116,27,multiply,0.3253,0.1482,0.2634,1.0691,2.91,
20260625_222123_GpuCWT_c16384_f116,2026-06-25 22:21:23,96936d0,GpuCWT,16384,116,27,ifft,2.384,0.1584,2.3254,3.1834,21.3,
20260625_222123_GpuCWT_c16384_f116,2026-06-25 22:21:23,96936d0,GpuCWT,16384,116,27,download,1.6773,0.3048,1.4527,2.7429,14.99,
20260625_222123_GpuCWT_c16384_f116,2026-06-25 22:21:23,96936d0,GpuCWT,16384,116,27,normalize,0.0,0.0,0.0,0.0,0.0,
20260625_222123_GpuCWT_c16384_f116,2026-06-25 22:21:23,96936d0,GpuCWT,16384,116,27,magnitude,0.7449,0.1535,0.6249,1.3305,6.66,
20260625_222123_GpuCWT_c16384_f116,2026-06-25 22:21:23,96936d0,GpuCWT,16384,116,27,edge_trim,0.0038,0.0008,0.0023,0.0057,0.03,
20260625_222123_GpuCWT_c16384_f116,2026-06-25 22:21:23,96936d0,GpuCWT,16384,116,27,hop_center,0.0062,0.0008,0.0049,0.0081,0.06,
20260625_222123_GpuCWT_c16384_f116,2026-06-25 22:21:23,96936d0,GpuCWT,16384,116,27,downsample,0.1192,0.0221,0.0956,0.1839,1.07,
20260625_222123_GpuCWT_c16384_f116,2026-06-25 22:21:23,96936d0,GpuCWT,16384,116,27,render,4.3517,2.0832,3.416,13.6934,38.88,
20260625_222123_GpuCWT_c16384_f116,2026-06-25 22:21:23,96936d0,GpuCWT,16384,116,27,TOTAL,11.1913,2.7847,9.7403,24.0897,100.0,16.599
20260625_222235_GpuCWT_c16384_f116,2026-06-25 22:22:35,96936d0,GpuCWT,16384,116,27,init:pipeline,832.2394,0.0,832.2394,832.2394,,
20260625_222235_GpuCWT_c16384_f116,2026-06-25 22:22:35,96936d0,GpuCWT,16384,116,27,wait:next_chunk,174.2896,2.1582,164.2511,175.6064,,
20260625_222235_GpuCWT_c16384_f116,2026-06-25 22:22:35,96936d0,GpuCWT,16384,116,27,fft_cpu,1.2231,0.0944,1.1313,1.4368,11.04,
20260625_222235_GpuCWT_c16384_f116,2026-06-25 22:22:35,96936d0,GpuCWT,16384,116,27,upload,0.3626,0.1931,0.2565,1.3237,3.27,
20260625_222235_GpuCWT_c16384_f116,2026-06-25 22:22:35,96936d0,GpuCWT,16384,116,27,multiply,0.3332,0.1545,0.2615,1.0971,3.01,
20260625_222235_GpuCWT_c16384_f116,2026-06-25 22:22:35,96936d0,GpuCWT,16384,116,27,ifft,2.3852,0.1537,2.3332,3.1628,21.52,
20260625_222235_GpuCWT_c16384_f116,2026-06-25 22:22:35,96936d0,GpuCWT,16384,116,27,download,1.7351,0.3318,1.4209,2.6531,15.66,
20260625_222235_GpuCWT_c16384_f116,2026-06-25 22:22:35,96936d0,GpuCWT,16384,116,27,normalize,0.0,0.0,0.0,0.0,0.0,
20260625_222235_GpuCWT_c16384_f116,2026-06-25 22:22:35,96936d0,GpuCWT,16384,116,27,magnitude,0.7258,0.1555,0.5712,1.1562,6.55,
20260625_222235_GpuCWT_c16384_f116,2026-06-25 22:22:35,96936d0,GpuCWT,16384,116,27,edge_trim,0.0044,0.0018,0.0024,0.0105,0.04,
20260625_222235_GpuCWT_c16384_f116,2026-06-25 22:22:35,96936d0,GpuCWT,16384,116,27,hop_center,0.0069,0.0017,0.0047,0.0115,0.06,
20260625_222235_GpuCWT_c16384_f116,2026-06-25 22:22:35,96936d0,GpuCWT,16384,116,27,downsample,0.1269,0.0271,0.0998,0.2251,1.14,
20260625_222235_GpuCWT_c16384_f116,2026-06-25 22:22:35,96936d0,GpuCWT,16384,116,27,render,4.1803,1.6208,3.3992,11.1654,37.72,
20260625_222235_GpuCWT_c16384_f116,2026-06-25 22:22:35,96936d0,GpuCWT,16384,116,27,TOTAL,11.0836,2.1898,9.8142,21.3098,100.0,16.76
20260625_225002_GpuCWT_c16384_f116,2026-06-25 22:50:02,96936d0,GpuCWT,16384,116,16,init:pipeline,761.4737,0.0,761.4737,761.4737,,
20260625_225002_GpuCWT_c16384_f116,2026-06-25 22:50:02,96936d0,GpuCWT,16384,116,16,wait:next_chunk,0.0,0.0,0.0,0.0,,
20260625_225002_GpuCWT_c16384_f116,2026-06-25 22:50:02,96936d0,GpuCWT,16384,116,16,raw_cwt,5.9919,0.6278,5.4135,7.7225,49.66,
20260625_225002_GpuCWT_c16384_f116,2026-06-25 22:50:02,96936d0,GpuCWT,16384,116,16,magnitude,0.9663,0.4537,0.5851,2.3805,8.01,
20260625_225002_GpuCWT_c16384_f116,2026-06-25 22:50:02,96936d0,GpuCWT,16384,116,16,edge_trim,0.0048,0.0023,0.0023,0.0113,0.04,
20260625_225002_GpuCWT_c16384_f116,2026-06-25 22:50:02,96936d0,GpuCWT,16384,116,16,hop_center,0.0083,0.0035,0.0049,0.0175,0.07,
20260625_225002_GpuCWT_c16384_f116,2026-06-25 22:50:02,96936d0,GpuCWT,16384,116,16,downsample,0.1445,0.0688,0.0928,0.3773,1.2,
20260625_225002_GpuCWT_c16384_f116,2026-06-25 22:50:02,96936d0,GpuCWT,16384,116,16,render,4.9497,2.558,3.4342,11.7718,41.02,
20260625_225002_GpuCWT_c16384_f116,2026-06-25 22:50:02,96936d0,GpuCWT,16384,116,16,TOTAL,12.0655,2.6184,9.6799,18.2952,100.0,15.396
20260625_225004_CpuCWT_c16384_f116,2026-06-25 22:50:04,96936d0,CpuCWT,16384,116,16,init:pipeline,448.9438,0.0,448.9438,448.9438,,
20260625_225004_CpuCWT_c16384_f116,2026-06-25 22:50:04,96936d0,CpuCWT,16384,116,16,wait:next_chunk,0.0,0.0,0.0,0.0,,
20260625_225004_CpuCWT_c16384_f116,2026-06-25 22:50:04,96936d0,CpuCWT,16384,116,16,raw_cwt,82.3567,5.7046,77.4617,100.3468,92.06,
20260625_225004_CpuCWT_c16384_f116,2026-06-25 22:50:04,96936d0,CpuCWT,16384,116,16,magnitude,1.8828,0.2946,1.5258,2.4862,2.1,
20260625_225004_CpuCWT_c16384_f116,2026-06-25 22:50:04,96936d0,CpuCWT,16384,116,16,edge_trim,0.0071,0.0019,0.0048,0.0118,0.01,
20260625_225004_CpuCWT_c16384_f116,2026-06-25 22:50:04,96936d0,CpuCWT,16384,116,16,hop_center,0.01,0.0018,0.0079,0.013,0.01,
20260625_225004_CpuCWT_c16384_f116,2026-06-25 22:50:04,96936d0,CpuCWT,16384,116,16,downsample,0.1571,0.0207,0.1284,0.1963,0.18,
20260625_225004_CpuCWT_c16384_f116,2026-06-25 22:50:04,96936d0,CpuCWT,16384,116,16,render,5.048,2.5393,3.3856,13.6331,5.64,
20260625_225004_CpuCWT_c16384_f116,2026-06-25 22:50:04,96936d0,CpuCWT,16384,116,16,TOTAL,89.4616,7.9638,82.6012,115.8718,100.0,2.076
20260625_225005_GpuCWT_c4096_f116,2026-06-25 22:50:05,96936d0,GpuCWT,4096,116,65,init:pipeline,217.4745,0.0,217.4745,217.4745,,
20260625_225005_GpuCWT_c4096_f116,2026-06-25 22:50:05,96936d0,GpuCWT,4096,116,65,wait:next_chunk,0.0,0.0,0.0,0.0,,
20260625_225005_GpuCWT_c4096_f116,2026-06-25 22:50:05,96936d0,GpuCWT,4096,116,65,raw_cwt,1.7687,0.5172,1.2698,4.7204,24.2,
20260625_225005_GpuCWT_c4096_f116,2026-06-25 22:50:05,96936d0,GpuCWT,4096,116,65,magnitude,0.2582,0.0676,0.1788,0.6368,3.53,
20260625_225005_GpuCWT_c4096_f116,2026-06-25 22:50:05,96936d0,GpuCWT,4096,116,65,edge_trim,0.0034,0.0009,0.0018,0.0055,0.05,
20260625_225005_GpuCWT_c4096_f116,2026-06-25 22:50:05,96936d0,GpuCWT,4096,116,65,hop_center,0.0063,0.0016,0.0044,0.0128,0.09,
20260625_225005_GpuCWT_c4096_f116,2026-06-25 22:50:05,96936d0,GpuCWT,4096,116,65,downsample,0.144,0.1088,0.0743,0.9271,1.97,
20260625_225005_GpuCWT_c4096_f116,2026-06-25 22:50:05,96936d0,GpuCWT,4096,116,65,render,5.1278,1.5557,3.5636,12.6459,70.16,
20260625_225005_GpuCWT_c4096_f116,2026-06-25 22:50:05,96936d0,GpuCWT,4096,116,65,TOTAL,7.3085,1.8398,5.227,14.8131,100.0,6.354
20260625_225006_GpuCWT_c8192_f116,2026-06-25 22:50:06,96936d0,GpuCWT,8192,116,32,init:pipeline,368.8336,0.0,368.8336,368.8336,,
20260625_225006_GpuCWT_c8192_f116,2026-06-25 22:50:06,96936d0,GpuCWT,8192,116,32,wait:next_chunk,0.0,0.0,0.0,0.0,,
20260625_225006_GpuCWT_c8192_f116,2026-06-25 22:50:06,96936d0,GpuCWT,8192,116,32,raw_cwt,4.3048,0.3649,3.6615,5.0863,43.34,
20260625_225006_GpuCWT_c8192_f116,2026-06-25 22:50:06,96936d0,GpuCWT,8192,116,32,magnitude,0.5201,0.1723,0.322,0.9516,5.24,
20260625_225006_GpuCWT_c8192_f116,2026-06-25 22:50:06,96936d0,GpuCWT,8192,116,32,edge_trim,0.0045,0.0016,0.0024,0.0087,0.05,
20260625_225006_GpuCWT_c8192_f116,2026-06-25 22:50:06,96936d0,GpuCWT,8192,116,32,hop_center,0.0072,0.0018,0.0051,0.0123,0.07,
20260625_225006_GpuCWT_c8192_f116,2026-06-25 22:50:06,96936d0,GpuCWT,8192,116,32,downsample,0.1504,0.0504,0.089,0.2728,1.51,
20260625_225006_GpuCWT_c8192_f116,2026-06-25 22:50:06,96936d0,GpuCWT,8192,116,32,render,4.9454,1.3218,3.6608,10.0194,49.79,
20260625_225006_GpuCWT_c8192_f116,2026-06-25 22:50:06,96936d0,GpuCWT,8192,116,32,TOTAL,9.9323,1.4371,8.3031,14.3183,100.0,9.351
20260625_225007_GpuCWT_c16384_f116,2026-06-25 22:50:07,96936d0,GpuCWT,16384,116,16,init:pipeline,503.6856,0.0,503.6856,503.6856,,
20260625_225007_GpuCWT_c16384_f116,2026-06-25 22:50:07,96936d0,GpuCWT,16384,116,16,wait:next_chunk,0.0,0.0,0.0,0.0,,
20260625_225007_GpuCWT_c16384_f116,2026-06-25 22:50:07,96936d0,GpuCWT,16384,116,16,raw_cwt,6.2553,0.4531,5.5053,6.9445,51.06,
20260625_225007_GpuCWT_c16384_f116,2026-06-25 22:50:07,96936d0,GpuCWT,16384,116,16,magnitude,0.9322,0.2057,0.6701,1.2516,7.61,
20260625_225007_GpuCWT_c16384_f116,2026-06-25 22:50:07,96936d0,GpuCWT,16384,116,16,edge_trim,0.006,0.003,0.0026,0.0157,0.05,
20260625_225007_GpuCWT_c16384_f116,2026-06-25 22:50:07,96936d0,GpuCWT,16384,116,16,hop_center,0.0095,0.0036,0.005,0.0211,0.08,
20260625_225007_GpuCWT_c16384_f116,2026-06-25 22:50:07,96936d0,GpuCWT,16384,116,16,downsample,0.1567,0.0453,0.1087,0.2939,1.28,
20260625_225007_GpuCWT_c16384_f116,2026-06-25 22:50:07,96936d0,GpuCWT,16384,116,16,render,4.8904,1.9191,3.5432,9.7948,39.92,
20260625_225007_GpuCWT_c16384_f116,2026-06-25 22:50:07,96936d0,GpuCWT,16384,116,16,TOTAL,12.2501,1.8984,10.0451,17.008,100.0,15.164
20260625_225007_GpuCWT_c32768_f116,2026-06-25 22:50:07,96936d0,GpuCWT,32768,116,8,init:pipeline,497.9204,0.0,497.9204,497.9204,,
20260625_225007_GpuCWT_c32768_f116,2026-06-25 22:50:07,96936d0,GpuCWT,32768,116,8,wait:next_chunk,0.0,0.0,0.0,0.0,,
20260625_225007_GpuCWT_c32768_f116,2026-06-25 22:50:07,96936d0,GpuCWT,32768,116,8,raw_cwt,7.0674,0.9502,5.6561,8.7109,45.97,
20260625_225007_GpuCWT_c32768_f116,2026-06-25 22:50:07,96936d0,GpuCWT,32768,116,8,magnitude,1.8822,0.3367,1.5094,2.4545,12.24,
20260625_225007_GpuCWT_c32768_f116,2026-06-25 22:50:07,96936d0,GpuCWT,32768,116,8,edge_trim,0.0093,0.0022,0.0065,0.0129,0.06,
20260625_225007_GpuCWT_c32768_f116,2026-06-25 22:50:07,96936d0,GpuCWT,32768,116,8,hop_center,0.0143,0.0065,0.0085,0.031,0.09,
20260625_225007_GpuCWT_c32768_f116,2026-06-25 22:50:07,96936d0,GpuCWT,32768,116,8,downsample,0.1947,0.0485,0.1378,0.2723,1.27,
20260625_225007_GpuCWT_c32768_f116,2026-06-25 22:50:07,96936d0,GpuCWT,32768,116,8,render,6.2077,3.3276,3.9695,12.4541,40.37,
20260625_225007_GpuCWT_c32768_f116,2026-06-25 22:50:07,96936d0,GpuCWT,32768,116,8,TOTAL,15.3756,3.2452,11.8279,21.93,100.0,24.163
20260625_225008_GpuCWT_c16384_f116,2026-06-25 22:50:08,96936d0,GpuCWT,16384,116,11,init:pipeline,516.4606,0.0,516.4606,516.4606,,
20260625_225008_GpuCWT_c16384_f116,2026-06-25 22:50:08,96936d0,GpuCWT,16384,116,11,wait:next_chunk,0.0,0.0,0.0,0.0,,
20260625_225008_GpuCWT_c16384_f116,2026-06-25 22:50:08,96936d0,GpuCWT,16384,116,11,raw_cwt,6.0984,0.466,5.4487,6.8266,48.01,
20260625_225008_GpuCWT_c16384_f116,2026-06-25 22:50:08,96936d0,GpuCWT,16384,116,11,magnitude,0.9486,0.1805,0.7443,1.269,7.47,
20260625_225008_GpuCWT_c16384_f116,2026-06-25 22:50:08,96936d0,GpuCWT,16384,116,11,edge_trim,0.0056,0.0015,0.0041,0.0096,0.04,
20260625_225008_GpuCWT_c16384_f116,2026-06-25 22:50:08,96936d0,GpuCWT,16384,116,11,hop_center,0.0091,0.0034,0.0063,0.0192,0.07,
20260625_225008_GpuCWT_c16384_f116,2026-06-25 22:50:08,96936d0,GpuCWT,16384,116,11,downsample,0.1657,0.0438,0.1112,0.2501,1.3,
20260625_225008_GpuCWT_c16384_f116,2026-06-25 22:50:08,96936d0,GpuCWT,16384,116,11,render,5.4741,2.7353,3.4811,11.9703,43.1,
20260625_225008_GpuCWT_c16384_f116,2026-06-25 22:50:08,96936d0,GpuCWT,16384,116,11,TOTAL,12.7015,2.597,10.2287,18.9402,100.0,21.938
20260625_225009_GpuCWT_c16384_f116,2026-06-25 22:50:09,96936d0,GpuCWT,16384,116,16,init:pipeline,469.2659,0.0,469.2659,469.2659,,
20260625_225009_GpuCWT_c16384_f116,2026-06-25 22:50:09,96936d0,GpuCWT,16384,116,16,wait:next_chunk,0.0,0.0,0.0,0.0,,
20260625_225009_GpuCWT_c16384_f116,2026-06-25 22:50:09,96936d0,GpuCWT,16384,116,16,raw_cwt,8.331,0.7464,7.2641,10.0842,56.73,
20260625_225009_GpuCWT_c16384_f116,2026-06-25 22:50:09,96936d0,GpuCWT,16384,116,16,magnitude,1.0634,0.3287,0.6832,1.66,7.24,
20260625_225009_GpuCWT_c16384_f116,2026-06-25 22:50:09,96936d0,GpuCWT,16384,116,16,edge_trim,0.0065,0.0025,0.0036,0.0125,0.04,
20260625_225009_GpuCWT_c16384_f116,2026-06-25 22:50:09,96936d0,GpuCWT,16384,116,16,hop_center,0.009,0.0028,0.0057,0.0162,0.06,
20260625_225009_GpuCWT_c16384_f116,2026-06-25 22:50:09,96936d0,GpuCWT,16384,116,16,downsample,0.1677,0.059,0.1157,0.305,1.14,
20260625_225009_GpuCWT_c16384_f116,2026-06-25 22:50:09,96936d0,GpuCWT,16384,116,16,render,5.1083,1.9176,3.8094,10.6872,34.78,
20260625_225009_GpuCWT_c16384_f116,2026-06-25 22:50:09,96936d0,GpuCWT,16384,116,16,TOTAL,14.686,2.2101,12.4565,19.8315,100.0,12.649
20260625_225010_GpuCWT_c16384_f116,2026-06-25 22:50:10,96936d0,GpuCWT,16384,116,32,init:pipeline,458.2781,0.0,458.2781,458.2781,,
20260625_225010_GpuCWT_c16384_f116,2026-06-25 22:50:10,96936d0,GpuCWT,16384,116,32,wait:next_chunk,0.0,0.0,0.0,0.0,,
20260625_225010_GpuCWT_c16384_f116,2026-06-25 22:50:10,96936d0,GpuCWT,16384,116,32,raw_cwt,8.6526,0.8038,7.5329,11.1331,56.08,
20260625_225010_GpuCWT_c16384_f116,2026-06-25 22:50:10,96936d0,GpuCWT,16384,116,32,magnitude,1.3443,0.5573,0.7082,3.0246,8.71,
20260625_225010_GpuCWT_c16384_f116,2026-06-25 22:50:10,96936d0,GpuCWT,16384,116,32,edge_trim,0.0102,0.0071,0.003,0.0307,0.07,
20260625_225010_GpuCWT_c16384_f116,2026-06-25 22:50:10,96936d0,GpuCWT,16384,116,32,hop_center,0.0139,0.0119,0.0051,0.0587,0.09,
20260625_225010_GpuCWT_c16384_f116,2026-06-25 22:50:10,96936d0,GpuCWT,16384,116,32,downsample,0.2043,0.075,0.1202,0.3874,1.32,
20260625_225010_GpuCWT_c16384_f116,2026-06-25 22:50:10,96936d0,GpuCWT,16384,116,32,render,5.2043,1.7863,3.6507,12.3575,33.73,
20260625_225010_GpuCWT_c16384_f116,2026-06-25 22:50:10,96936d0,GpuCWT,16384,116,32,TOTAL,15.4296,2.3806,12.2468,22.7899,100.0,6.02
20260625_225454_GpuCWT_c16384_f116,2026-06-25 22:54:54,96936d0,GpuCWT,16384,116,16,init:pipeline,764.4014,0.0,764.4014,764.4014,,
20260625_225454_GpuCWT_c16384_f116,2026-06-25 22:54:54,96936d0,GpuCWT,16384,116,16,wait:next_chunk,0.0,0.0,0.0,0.0,,
20260625_225454_GpuCWT_c16384_f116,2026-06-25 22:54:54,96936d0,GpuCWT,16384,116,16,raw_cwt,5.9464,0.5246,5.1394,7.0445,49.78,
20260625_225454_GpuCWT_c16384_f116,2026-06-25 22:54:54,96936d0,GpuCWT,16384,116,16,magnitude,1.0201,0.5244,0.5279,2.7409,8.54,
20260625_225454_GpuCWT_c16384_f116,2026-06-25 22:54:54,96936d0,GpuCWT,16384,116,16,edge_trim,0.0052,0.0024,0.0022,0.0127,0.04,
20260625_225454_GpuCWT_c16384_f116,2026-06-25 22:54:54,96936d0,GpuCWT,16384,116,16,hop_center,0.0079,0.0024,0.0047,0.0145,0.07,
20260625_225454_GpuCWT_c16384_f116,2026-06-25 22:54:54,96936d0,GpuCWT,16384,116,16,downsample,0.1224,0.034,0.0722,0.1988,1.02,
20260625_225454_GpuCWT_c16384_f116,2026-06-25 22:54:54,96936d0,GpuCWT,16384,116,16,render,4.8433,2.2855,3.219,11.1485,40.55,
20260625_225454_GpuCWT_c16384_f116,2026-06-25 22:54:54,96936d0,GpuCWT,16384,116,16,TOTAL,11.9452,2.2432,9.4463,17.4229,100.0,15.551
20260625_225457_CpuCWT_c16384_f116,2026-06-25 22:54:57,96936d0,CpuCWT,16384,116,16,init:pipeline,719.3579,0.0,719.3579,719.3579,,
20260625_225457_CpuCWT_c16384_f116,2026-06-25 22:54:57,96936d0,CpuCWT,16384,116,16,wait:next_chunk,0.0,0.0,0.0,0.0,,
20260625_225457_CpuCWT_c16384_f116,2026-06-25 22:54:57,96936d0,CpuCWT,16384,116,16,raw_cwt,81.0254,3.2651,75.9208,86.7199,92.43,
20260625_225457_CpuCWT_c16384_f116,2026-06-25 22:54:57,96936d0,CpuCWT,16384,116,16,magnitude,1.8238,0.6518,1.4136,4.1432,2.08,
20260625_225457_CpuCWT_c16384_f116,2026-06-25 22:54:57,96936d0,CpuCWT,16384,116,16,edge_trim,0.0069,0.0019,0.0047,0.0109,0.01,
20260625_225457_CpuCWT_c16384_f116,2026-06-25 22:54:57,96936d0,CpuCWT,16384,116,16,hop_center,0.0115,0.0047,0.0084,0.0274,0.01,
20260625_225457_CpuCWT_c16384_f116,2026-06-25 22:54:57,96936d0,CpuCWT,16384,116,16,downsample,0.1511,0.0246,0.1173,0.1974,0.17,
20260625_225457_CpuCWT_c16384_f116,2026-06-25 22:54:57,96936d0,CpuCWT,16384,116,16,render,4.641,1.9412,3.5173,10.1592,5.29,
20260625_225457_CpuCWT_c16384_f116,2026-06-25 22:54:57,96936d0,CpuCWT,16384,116,16,TOTAL,87.6597,3.6907,81.0546,93.4676,100.0,2.119
20260625_225500_GpuCWT_c4096_f116,2026-06-25 22:55:00,96936d0,GpuCWT,4096,116,65,init:pipeline,404.0101,0.0,404.0101,404.0101,,
20260625_225500_GpuCWT_c4096_f116,2026-06-25 22:55:00,96936d0,GpuCWT,4096,116,65,wait:next_chunk,0.0,0.0,0.0,0.0,,
20260625_225500_GpuCWT_c4096_f116,2026-06-25 22:55:00,96936d0,GpuCWT,4096,116,65,raw_cwt,1.6917,0.3694,0.898,2.8038,23.5,
20260625_225500_GpuCWT_c4096_f116,2026-06-25 22:55:00,96936d0,GpuCWT,4096,116,65,magnitude,0.3078,0.2909,0.1256,2.4326,4.28,
20260625_225500_GpuCWT_c4096_f116,2026-06-25 22:55:00,96936d0,GpuCWT,4096,116,65,edge_trim,0.004,0.0019,0.0018,0.0155,0.06,
20260625_225500_GpuCWT_c4096_f116,2026-06-25 22:55:00,96936d0,GpuCWT,4096,116,65,hop_center,0.0077,0.0088,0.004,0.0697,0.11,
20260625_225500_GpuCWT_c4096_f116,2026-06-25 22:55:00,96936d0,GpuCWT,4096,116,65,downsample,0.127,0.0507,0.0456,0.2767,1.76,
20260625_225500_GpuCWT_c4096_f116,2026-06-25 22:55:00,96936d0,GpuCWT,4096,116,65,render,5.06,1.6324,3.6986,13.6337,70.3,
20260625_225500_GpuCWT_c4096_f116,2026-06-25 22:55:00,96936d0,GpuCWT,4096,116,65,TOTAL,7.1982,1.8605,5.2271,16.8697,100.0,6.452
20260625_225502_GpuCWT_c8192_f116,2026-06-25 22:55:02,96936d0,GpuCWT,8192,116,32,init:pipeline,597.2793,0.0,597.2793,597.2793,,
20260625_225502_GpuCWT_c8192_f116,2026-06-25 22:55:02,96936d0,GpuCWT,8192,116,32,wait:next_chunk,0.0,0.0,0.0,0.0,,
20260625_225502_GpuCWT_c8192_f116,2026-06-25 22:55:02,96936d0,GpuCWT,8192,116,32,raw_cwt,4.064,0.4774,3.5207,5.8747,40.63,
20260625_225502_GpuCWT_c8192_f116,2026-06-25 22:55:02,96936d0,GpuCWT,8192,116,32,magnitude,0.5319,0.2194,0.3373,1.2726,5.32,
20260625_225502_GpuCWT_c8192_f116,2026-06-25 22:55:02,96936d0,GpuCWT,8192,116,32,edge_trim,0.004,0.0013,0.0022,0.0076,0.04,
20260625_225502_GpuCWT_c8192_f116,2026-06-25 22:55:02,96936d0,GpuCWT,8192,116,32,hop_center,0.0072,0.0017,0.005,0.0127,0.07,
20260625_225502_GpuCWT_c8192_f116,2026-06-25 22:55:02,96936d0,GpuCWT,8192,116,32,downsample,0.1297,0.0464,0.0833,0.3089,1.3,
20260625_225502_GpuCWT_c8192_f116,2026-06-25 22:55:02,96936d0,GpuCWT,8192,116,32,render,5.2648,2.1364,3.7084,12.9647,52.64,
20260625_225502_GpuCWT_c8192_f116,2026-06-25 22:55:02,96936d0,GpuCWT,8192,116,32,TOTAL,10.0016,2.3419,7.8154,17.4123,100.0,9.286
20260625_225504_GpuCWT_c16384_f116,2026-06-25 22:55:04,96936d0,GpuCWT,16384,116,16,init:pipeline,704.3162,0.0,704.3162,704.3162,,
20260625_225504_GpuCWT_c16384_f116,2026-06-25 22:55:04,96936d0,GpuCWT,16384,116,16,wait:next_chunk,0.0,0.0,0.0,0.0,,
20260625_225504_GpuCWT_c16384_f116,2026-06-25 22:55:04,96936d0,GpuCWT,16384,116,16,raw_cwt,6.0463,0.5178,5.3004,7.3815,49.54,
20260625_225504_GpuCWT_c16384_f116,2026-06-25 22:55:04,96936d0,GpuCWT,16384,116,16,magnitude,0.9967,0.4336,0.6549,2.5315,8.17,
20260625_225504_GpuCWT_c16384_f116,2026-06-25 22:55:04,96936d0,GpuCWT,16384,116,16,edge_trim,0.0051,0.0023,0.0027,0.01,0.04,
20260625_225504_GpuCWT_c16384_f116,2026-06-25 22:55:04,96936d0,GpuCWT,16384,116,16,hop_center,0.0083,0.0055,0.0047,0.0283,0.07,
20260625_225504_GpuCWT_c16384_f116,2026-06-25 22:55:04,96936d0,GpuCWT,16384,116,16,downsample,0.1344,0.0341,0.0921,0.2267,1.1,
20260625_225504_GpuCWT_c16384_f116,2026-06-25 22:55:04,96936d0,GpuCWT,16384,116,16,render,5.0139,2.0499,3.4544,10.5195,41.08,
20260625_225504_GpuCWT_c16384_f116,2026-06-25 22:55:04,96936d0,GpuCWT,16384,116,16,TOTAL,12.2046,1.9865,9.9064,16.8591,100.0,15.22
20260625_225506_GpuCWT_c32768_f116,2026-06-25 22:55:06,96936d0,GpuCWT,32768,116,8,init:pipeline,750.6997,0.0,750.6997,750.6997,,
20260625_225506_GpuCWT_c32768_f116,2026-06-25 22:55:06,96936d0,GpuCWT,32768,116,8,wait:next_chunk,0.0,0.0,0.0,0.0,,
20260625_225506_GpuCWT_c32768_f116,2026-06-25 22:55:06,96936d0,GpuCWT,32768,116,8,raw_cwt,6.3689,0.7315,5.6482,7.8143,45.46,
20260625_225506_GpuCWT_c32768_f116,2026-06-25 22:55:06,96936d0,GpuCWT,32768,116,8,magnitude,2.0006,0.5521,1.3373,3.1086,14.28,
20260625_225506_GpuCWT_c32768_f116,2026-06-25 22:55:06,96936d0,GpuCWT,32768,116,8,edge_trim,0.0079,0.0031,0.005,0.0155,0.06,
20260625_225506_GpuCWT_c32768_f116,2026-06-25 22:55:06,96936d0,GpuCWT,32768,116,8,hop_center,0.0116,0.0069,0.0068,0.0293,0.08,
20260625_225506_GpuCWT_c32768_f116,2026-06-25 22:55:06,96936d0,GpuCWT,32768,116,8,downsample,0.1433,0.0188,0.1182,0.1804,1.02,
20260625_225506_GpuCWT_c32768_f116,2026-06-25 22:55:06,96936d0,GpuCWT,32768,116,8,render,5.4771,2.5391,3.5598,10.395,39.1,
20260625_225506_GpuCWT_c32768_f116,2026-06-25 22:55:06,96936d0,GpuCWT,32768,116,8,TOTAL,14.0095,2.6525,11.0489,18.7431,100.0,26.519
20260625_225508_GpuCWT_c16384_f116,2026-06-25 22:55:08,96936d0,GpuCWT,16384,116,11,init:pipeline,725.9219,0.0,725.9219,725.9219,,
20260625_225508_GpuCWT_c16384_f116,2026-06-25 22:55:08,96936d0,GpuCWT,16384,116,11,wait:next_chunk,0.0,0.0,0.0,0.0,,
20260625_225508_GpuCWT_c16384_f116,2026-06-25 22:55:08,96936d0,GpuCWT,16384,116,11,raw_cwt,5.8591,0.234,5.5734,6.2418,48.92,
20260625_225508_GpuCWT_c16384_f116,2026-06-25 22:55:08,96936d0,GpuCWT,16384,116,11,magnitude,1.0158,0.5349,0.6611,2.6456,8.48,
20260625_225508_GpuCWT_c16384_f116,2026-06-25 22:55:08,96936d0,GpuCWT,16384,116,11,edge_trim,0.0048,0.0017,0.0027,0.0086,0.04,
20260625_225508_GpuCWT_c16384_f116,2026-06-25 22:55:08,96936d0,GpuCWT,16384,116,11,hop_center,0.0079,0.0018,0.0059,0.0123,0.07,
20260625_225508_GpuCWT_c16384_f116,2026-06-25 22:55:08,96936d0,GpuCWT,16384,116,11,downsample,0.1392,0.0538,0.0993,0.2807,1.16,
20260625_225508_GpuCWT_c16384_f116,2026-06-25 22:55:08,96936d0,GpuCWT,16384,116,11,render,4.949,2.3631,3.5236,10.3499,41.32,
20260625_225508_GpuCWT_c16384_f116,2026-06-25 22:55:08,96936d0,GpuCWT,16384,116,11,TOTAL,11.9758,2.3754,9.9186,16.9722,100.0,23.267
20260625_225510_GpuCWT_c16384_f116,2026-06-25 22:55:10,96936d0,GpuCWT,16384,116,16,init:pipeline,740.476,0.0,740.476,740.476,,
20260625_225510_GpuCWT_c16384_f116,2026-06-25 22:55:10,96936d0,GpuCWT,16384,116,16,wait:next_chunk,0.0,0.0,0.0,0.0,,
20260625_225510_GpuCWT_c16384_f116,2026-06-25 22:55:10,96936d0,GpuCWT,16384,116,16,raw_cwt,5.9294,0.419,5.2444,6.9698,50.42,
20260625_225510_GpuCWT_c16384_f116,2026-06-25 22:55:10,96936d0,GpuCWT,16384,116,16,magnitude,1.0135,0.5298,0.5976,2.8239,8.62,
20260625_225510_GpuCWT_c16384_f116,2026-06-25 22:55:10,96936d0,GpuCWT,16384,116,16,edge_trim,0.005,0.0018,0.0023,0.009,0.04,
20260625_225510_GpuCWT_c16384_f116,2026-06-25 22:55:10,96936d0,GpuCWT,16384,116,16,hop_center,0.0076,0.002,0.0047,0.0116,0.06,
20260625_225510_GpuCWT_c16384_f116,2026-06-25 22:55:10,96936d0,GpuCWT,16384,116,16,downsample,0.1231,0.0281,0.0816,0.2019,1.05,
20260625_225510_GpuCWT_c16384_f116,2026-06-25 22:55:10,96936d0,GpuCWT,16384,116,16,render,4.6813,2.1612,3.4748,10.7347,39.81,
20260625_225510_GpuCWT_c16384_f116,2026-06-25 22:55:10,96936d0,GpuCWT,16384,116,16,TOTAL,11.7598,2.1293,9.7724,17.7568,100.0,15.796
20260625_225512_GpuCWT_c16384_f116,2026-06-25 22:55:12,96936d0,GpuCWT,16384,116,32,init:pipeline,708.422,0.0,708.422,708.422,,
20260625_225512_GpuCWT_c16384_f116,2026-06-25 22:55:12,96936d0,GpuCWT,16384,116,32,wait:next_chunk,0.0,0.0,0.0,0.0,,
20260625_225512_GpuCWT_c16384_f116,2026-06-25 22:55:12,96936d0,GpuCWT,16384,116,32,raw_cwt,6.1085,0.6374,5.4386,8.4531,51.28,
20260625_225512_GpuCWT_c16384_f116,2026-06-25 22:55:12,96936d0,GpuCWT,16384,116,32,magnitude,0.8734,0.2397,0.615,1.9583,7.33,
20260625_225512_GpuCWT_c16384_f116,2026-06-25 22:55:12,96936d0,GpuCWT,16384,116,32,edge_trim,0.0053,0.0016,0.0032,0.0102,0.04,
20260625_225512_GpuCWT_c16384_f116,2026-06-25 22:55:12,96936d0,GpuCWT,16384,116,32,hop_center,0.0086,0.0027,0.0059,0.0166,0.07,
20260625_225512_GpuCWT_c16384_f116,2026-06-25 22:55:12,96936d0,GpuCWT,16384,116,32,downsample,0.134,0.0379,0.0875,0.2437,1.13,
20260625_225512_GpuCWT_c16384_f116,2026-06-25 22:55:12,96936d0,GpuCWT,16384,116,32,render,4.7827,2.1195,3.499,13.6252,40.15,
20260625_225512_GpuCWT_c16384_f116,2026-06-25 22:55:12,96936d0,GpuCWT,16384,116,32,TOTAL,11.9125,2.2962,9.8599,21.6514,100.0,7.797
20260625_225822_GpuCWT_c16384_f116,2026-06-25 22:58:22,96936d0,GpuCWT,16384,116,16,init:pipeline,746.6287,0.0,746.6287,746.6287,,
20260625_225822_GpuCWT_c16384_f116,2026-06-25 22:58:22,96936d0,GpuCWT,16384,116,16,wait:next_chunk,0.0,0.0,0.0,0.0,,
20260625_225822_GpuCWT_c16384_f116,2026-06-25 22:58:22,96936d0,GpuCWT,16384,116,16,raw_cwt,5.9829,0.4668,5.2313,6.7541,50.67,
20260625_225822_GpuCWT_c16384_f116,2026-06-25 22:58:22,96936d0,GpuCWT,16384,116,16,magnitude,0.9415,0.3782,0.6563,2.1157,7.97,
20260625_225822_GpuCWT_c16384_f116,2026-06-25 22:58:22,96936d0,GpuCWT,16384,116,16,edge_trim,0.0079,0.0125,0.0025,0.0558,0.07,
20260625_225822_GpuCWT_c16384_f116,2026-06-25 22:58:22,96936d0,GpuCWT,16384,116,16,hop_center,0.0085,0.0059,0.005,0.0302,0.07,
20260625_225822_GpuCWT_c16384_f116,2026-06-25 22:58:22,96936d0,GpuCWT,16384,116,16,downsample,0.1348,0.0356,0.0929,0.2334,1.14,
20260625_225822_GpuCWT_c16384_f116,2026-06-25 22:58:22,96936d0,GpuCWT,16384,116,16,render,4.7322,2.0412,3.4882,11.0032,40.08,
20260625_225822_GpuCWT_c16384_f116,2026-06-25 22:58:22,96936d0,GpuCWT,16384,116,16,TOTAL,11.8079,1.9194,9.9514,17.0343,100.0,15.732
20260625_225825_CpuCWT_c16384_f116,2026-06-25 22:58:25,96936d0,CpuCWT,16384,116,16,init:pipeline,682.2509,0.0,682.2509,682.2509,,
20260625_225825_CpuCWT_c16384_f116,2026-06-25 22:58:25,96936d0,CpuCWT,16384,116,16,wait:next_chunk,0.0,0.0,0.0,0.0,,
20260625_225825_CpuCWT_c16384_f116,2026-06-25 22:58:25,96936d0,CpuCWT,16384,116,16,raw_cwt,78.0649,3.473,73.6492,88.1693,92.6,
20260625_225825_CpuCWT_c16384_f116,2026-06-25 22:58:25,96936d0,CpuCWT,16384,116,16,magnitude,1.6268,0.4111,1.364,3.1631,1.93,
20260625_225825_CpuCWT_c16384_f116,2026-06-25 22:58:25,96936d0,CpuCWT,16384,116,16,edge_trim,0.0051,0.0011,0.0033,0.0077,0.01,
20260625_225825_CpuCWT_c16384_f116,2026-06-25 22:58:25,96936d0,CpuCWT,16384,116,16,hop_center,0.0081,0.0013,0.0069,0.0125,0.01,
20260625_225825_CpuCWT_c16384_f116,2026-06-25 22:58:25,96936d0,CpuCWT,16384,116,16,downsample,0.1446,0.0277,0.1171,0.2263,0.17,
20260625_225825_CpuCWT_c16384_f116,2026-06-25 22:58:25,96936d0,CpuCWT,16384,116,16,render,4.4562,1.7068,3.4801,9.4951,5.29,
20260625_225825_CpuCWT_c16384_f116,2026-06-25 22:58:25,96936d0,CpuCWT,16384,116,16,TOTAL,84.3057,3.3618,80.7966,93.8073,100.0,2.203
20260625_225827_GpuCWT_c4096_f116,2026-06-25 22:58:27,96936d0,GpuCWT,4096,116,65,init:pipeline,413.7777,0.0,413.7777,413.7777,,
20260625_225827_GpuCWT_c4096_f116,2026-06-25 22:58:27,96936d0,GpuCWT,4096,116,65,wait:next_chunk,0.0,0.0,0.0,0.0,,
20260625_225827_GpuCWT_c4096_f116,2026-06-25 22:58:27,96936d0,GpuCWT,4096,116,65,raw_cwt,1.5713,0.2395,1.2321,2.5865,24.34,
20260625_225827_GpuCWT_c4096_f116,2026-06-25 22:58:27,96936d0,GpuCWT,4096,116,65,magnitude,0.2611,0.0859,0.1237,0.5287,4.04,
20260625_225827_GpuCWT_c4096_f116,2026-06-25 22:58:27,96936d0,GpuCWT,4096,116,65,edge_trim,0.003,0.0008,0.0016,0.0063,0.05,
20260625_225827_GpuCWT_c4096_f116,2026-06-25 22:58:27,96936d0,GpuCWT,4096,116,65,hop_center,0.0057,0.0014,0.0032,0.0106,0.09,
20260625_225827_GpuCWT_c4096_f116,2026-06-25 22:58:27,96936d0,GpuCWT,4096,116,65,downsample,0.1023,0.0265,0.0421,0.1747,1.59,
20260625_225827_GpuCWT_c4096_f116,2026-06-25 22:58:27,96936d0,GpuCWT,4096,116,65,render,4.5122,1.4713,3.3349,13.287,69.9,
20260625_225827_GpuCWT_c4096_f116,2026-06-25 22:58:27,96936d0,GpuCWT,4096,116,65,TOTAL,6.4556,1.5254,4.9921,15.3365,100.0,7.194
20260625_225829_GpuCWT_c8192_f116,2026-06-25 22:58:29,96936d0,GpuCWT,8192,116,32,init:pipeline,576.0582,0.0,576.0582,576.0582,,
20260625_225829_GpuCWT_c8192_f116,2026-06-25 22:58:29,96936d0,GpuCWT,8192,116,32,wait:next_chunk,0.0,0.0,0.0,0.0,,
20260625_225829_GpuCWT_c8192_f116,2026-06-25 22:58:29,96936d0,GpuCWT,8192,116,32,raw_cwt,3.8904,0.2763,3.4099,4.6346,44.16,
20260625_225829_GpuCWT_c8192_f116,2026-06-25 22:58:29,96936d0,GpuCWT,8192,116,32,magnitude,0.4581,0.1345,0.3313,0.9645,5.2,
20260625_225829_GpuCWT_c8192_f116,2026-06-25 22:58:29,96936d0,GpuCWT,8192,116,32,edge_trim,0.0037,0.0017,0.0019,0.0083,0.04,
20260625_225829_GpuCWT_c8192_f116,2026-06-25 22:58:29,96936d0,GpuCWT,8192,116,32,hop_center,0.0069,0.0028,0.0046,0.0149,0.08,
20260625_225829_GpuCWT_c8192_f116,2026-06-25 22:58:29,96936d0,GpuCWT,8192,116,32,downsample,0.1134,0.0407,0.0784,0.2685,1.29,
20260625_225829_GpuCWT_c8192_f116,2026-06-25 22:58:29,96936d0,GpuCWT,8192,116,32,render,4.338,2.0031,3.1669,13.7488,49.24,
20260625_225829_GpuCWT_c8192_f116,2026-06-25 22:58:29,96936d0,GpuCWT,8192,116,32,TOTAL,8.8106,1.9779,7.4955,17.7497,100.0,10.542
20260625_225831_GpuCWT_c16384_f116,2026-06-25 22:58:31,96936d0,GpuCWT,16384,116,16,init:pipeline,728.5438,0.0,728.5438,728.5438,,
20260625_225831_GpuCWT_c16384_f116,2026-06-25 22:58:31,96936d0,GpuCWT,16384,116,16,wait:next_chunk,0.0,0.0,0.0,0.0,,
20260625_225831_GpuCWT_c16384_f116,2026-06-25 22:58:31,96936d0,GpuCWT,16384,116,16,raw_cwt,6.0505,0.577,5.297,7.2855,51.89,
20260625_225831_GpuCWT_c16384_f116,2026-06-25 22:58:31,96936d0,GpuCWT,16384,116,16,magnitude,0.911,0.4409,0.6732,2.5726,7.81,
20260625_225831_GpuCWT_c16384_f116,2026-06-25 22:58:31,96936d0,GpuCWT,16384,116,16,edge_trim,0.0043,0.0009,0.0027,0.0062,0.04,
20260625_225831_GpuCWT_c16384_f116,2026-06-25 22:58:31,96936d0,GpuCWT,16384,116,16,hop_center,0.0071,0.0012,0.0049,0.0091,0.06,
20260625_225831_GpuCWT_c16384_f116,2026-06-25 22:58:31,96936d0,GpuCWT,16384,116,16,downsample,0.1241,0.0189,0.0978,0.1611,1.06,
20260625_225831_GpuCWT_c16384_f116,2026-06-25 22:58:31,96936d0,GpuCWT,16384,116,16,render,4.5627,2.1339,3.391,11.1308,39.13,
20260625_225831_GpuCWT_c16384_f116,2026-06-25 22:58:31,96936d0,GpuCWT,16384,116,16,TOTAL,11.6598,2.0728,9.7863,17.2866,100.0,15.932
20260625_225834_GpuCWT_c32768_f116,2026-06-25 22:58:34,96936d0,GpuCWT,32768,116,8,init:pipeline,776.3248,0.0,776.3248,776.3248,,
20260625_225834_GpuCWT_c32768_f116,2026-06-25 22:58:34,96936d0,GpuCWT,32768,116,8,wait:next_chunk,0.0,0.0,0.0,0.0,,
20260625_225834_GpuCWT_c32768_f116,2026-06-25 22:58:34,96936d0,GpuCWT,32768,116,8,raw_cwt,6.59,0.7196,5.8105,8.0656,46.78,
20260625_225834_GpuCWT_c32768_f116,2026-06-25 22:58:34,96936d0,GpuCWT,32768,116,8,magnitude,1.9196,0.5722,1.4273,3.0846,13.63,
20260625_225834_GpuCWT_c32768_f116,2026-06-25 22:58:34,96936d0,GpuCWT,32768,116,8,edge_trim,0.0069,0.002,0.0046,0.0102,0.05,
20260625_225834_GpuCWT_c32768_f116,2026-06-25 22:58:34,96936d0,GpuCWT,32768,116,8,hop_center,0.0088,0.0016,0.0069,0.0112,0.06,
20260625_225834_GpuCWT_c32768_f116,2026-06-25 22:58:34,96936d0,GpuCWT,32768,116,8,downsample,0.1551,0.0512,0.1161,0.2628,1.1,
20260625_225834_GpuCWT_c32768_f116,2026-06-25 22:58:34,96936d0,GpuCWT,32768,116,8,render,5.4059,2.4369,3.6735,10.1915,38.38,
20260625_225834_GpuCWT_c32768_f116,2026-06-25 22:58:34,96936d0,GpuCWT,32768,116,8,TOTAL,14.0863,1.9413,12.4432,18.1809,100.0,26.374
20260625_225836_GpuCWT_c16384_f116,2026-06-25 22:58:36,96936d0,GpuCWT,16384,116,11,init:pipeline,719.1659,0.0,719.1659,719.1659,,
20260625_225836_GpuCWT_c16384_f116,2026-06-25 22:58:36,96936d0,GpuCWT,16384,116,11,wait:next_chunk,0.0,0.0,0.0,0.0,,
20260625_225836_GpuCWT_c16384_f116,2026-06-25 22:58:36,96936d0,GpuCWT,16384,116,11,raw_cwt,5.9011,0.4537,5.2769,6.7214,49.22,
20260625_225836_GpuCWT_c16384_f116,2026-06-25 22:58:36,96936d0,GpuCWT,16384,116,11,magnitude,0.9745,0.3954,0.6513,1.9267,8.13,
20260625_225836_GpuCWT_c16384_f116,2026-06-25 22:58:36,96936d0,GpuCWT,16384,116,11,edge_trim,0.0044,0.0013,0.003,0.0077,0.04,
20260625_225836_GpuCWT_c16384_f116,2026-06-25 22:58:36,96936d0,GpuCWT,16384,116,11,hop_center,0.0065,0.0014,0.0051,0.0093,0.05,
20260625_225836_GpuCWT_c16384_f116,2026-06-25 22:58:36,96936d0,GpuCWT,16384,116,11,downsample,0.1248,0.0297,0.0946,0.2087,1.04,
20260625_225836_GpuCWT_c16384_f116,2026-06-25 22:58:36,96936d0,GpuCWT,16384,116,11,render,4.9771,2.3506,3.2775,10.7063,41.52,
20260625_225836_GpuCWT_c16384_f116,2026-06-25 22:58:36,96936d0,GpuCWT,16384,116,11,TOTAL,11.9884,2.1279,9.6937,16.77,100.0,23.242
20260625_225838_GpuCWT_c16384_f116,2026-06-25 22:58:38,96936d0,GpuCWT,16384,116,16,init:pipeline,734.2193,0.0,734.2193,734.2193,,
20260625_225838_GpuCWT_c16384_f116,2026-06-25 22:58:38,96936d0,GpuCWT,16384,116,16,wait:next_chunk,0.0,0.0,0.0,0.0,,
20260625_225838_GpuCWT_c16384_f116,2026-06-25 22:58:38,96936d0,GpuCWT,16384,116,16,raw_cwt,5.8873,0.4358,5.2741,7.1362,50.89,
20260625_225838_GpuCWT_c16384_f116,2026-06-25 22:58:38,96936d0,GpuCWT,16384,116,16,magnitude,0.9054,0.3753,0.5874,2.1695,7.83,
20260625_225838_GpuCWT_c16384_f116,2026-06-25 22:58:38,96936d0,GpuCWT,16384,116,16,edge_trim,0.0038,0.0008,0.0022,0.0052,0.03,
20260625_225838_GpuCWT_c16384_f116,2026-06-25 22:58:38,96936d0,GpuCWT,16384,116,16,hop_center,0.0065,0.0012,0.005,0.0093,0.06,
20260625_225838_GpuCWT_c16384_f116,2026-06-25 22:58:38,96936d0,GpuCWT,16384,116,16,downsample,0.1263,0.0386,0.0814,0.234,1.09,
20260625_225838_GpuCWT_c16384_f116,2026-06-25 22:58:38,96936d0,GpuCWT,16384,116,16,render,4.6397,1.6992,3.4939,9.1118,40.1,
20260625_225838_GpuCWT_c16384_f116,2026-06-25 22:58:38,96936d0,GpuCWT,16384,116,16,TOTAL,11.5689,1.5157,10.2556,15.2252,100.0,16.057
20260625_225840_GpuCWT_c16384_f116,2026-06-25 22:58:40,96936d0,GpuCWT,16384,116,32,init:pipeline,713.5847,0.0,713.5847,713.5847,,
20260625_225840_GpuCWT_c16384_f116,2026-06-25 22:58:40,96936d0,GpuCWT,16384,116,32,wait:next_chunk,0.0,0.0,0.0,0.0,,
20260625_225840_GpuCWT_c16384_f116,2026-06-25 22:58:40,96936d0,GpuCWT,16384,116,32,raw_cwt,5.8336,0.3453,5.3813,6.9476,52.11,
20260625_225840_GpuCWT_c16384_f116,2026-06-25 22:58:40,96936d0,GpuCWT,16384,116,32,magnitude,0.9112,0.361,0.6263,2.5026,8.14,
20260625_225840_GpuCWT_c16384_f116,2026-06-25 22:58:40,96936d0,GpuCWT,16384,116,32,edge_trim,0.0048,0.0018,0.0025,0.01,0.04,
20260625_225840_GpuCWT_c16384_f116,2026-06-25 22:58:40,96936d0,GpuCWT,16384,116,32,hop_center,0.0085,0.0055,0.0053,0.0373,0.08,
20260625_225840_GpuCWT_c16384_f116,2026-06-25 22:58:40,96936d0,GpuCWT,16384,116,32,downsample,0.1438,0.0572,0.0924,0.2913,1.28,
20260625_225840_GpuCWT_c16384_f116,2026-06-25 22:58:40,96936d0,GpuCWT,16384,116,32,render,4.2936,1.3743,3.2906,9.6862,38.35,
20260625_225840_GpuCWT_c16384_f116,2026-06-25 22:58:40,96936d0,GpuCWT,16384,116,32,TOTAL,11.1954,1.4797,9.4771,16.186,100.0,8.296
20260625_225842_GpuCWT_c16384_f72,2026-06-25 22:58:42,96936d0,GpuCWT,16384,72,16,init:pipeline,618.1238,0.0,618.1238,618.1238,,
20260625_225842_GpuCWT_c16384_f72,2026-06-25 22:58:42,96936d0,GpuCWT,16384,72,16,wait:next_chunk,0.0,0.0,0.0,0.0,,
20260625_225842_GpuCWT_c16384_f72,2026-06-25 22:58:42,96936d0,GpuCWT,16384,72,16,raw_cwt,4.3705,0.3715,3.9197,5.2323,44.72,
20260625_225842_GpuCWT_c16384_f72,2026-06-25 22:58:42,96936d0,GpuCWT,16384,72,16,magnitude,0.6011,0.2537,0.3814,1.4285,6.15,
20260625_225842_GpuCWT_c16384_f72,2026-06-25 22:58:42,96936d0,GpuCWT,16384,72,16,edge_trim,0.0039,0.0012,0.0022,0.0069,0.04,
20260625_225842_GpuCWT_c16384_f72,2026-06-25 22:58:42,96936d0,GpuCWT,16384,72,16,hop_center,0.007,0.0024,0.0046,0.0129,0.07,
20260625_225842_GpuCWT_c16384_f72,2026-06-25 22:58:42,96936d0,GpuCWT,16384,72,16,downsample,0.0977,0.0189,0.0792,0.1482,1.0,
20260625_225842_GpuCWT_c16384_f72,2026-06-25 22:58:42,96936d0,GpuCWT,16384,72,16,render,4.6925,1.9988,3.4023,10.2356,48.02,
20260625_225842_GpuCWT_c16384_f72,2026-06-25 22:58:42,96936d0,GpuCWT,16384,72,16,TOTAL,9.7728,2.055,7.9767,15.421,100.0,19.008
20260625_225844_GpuCWT_c16384_f96,2026-06-25 22:58:44,96936d0,GpuCWT,16384,96,16,init:pipeline,656.2689,0.0,656.2689,656.2689,,
20260625_225844_GpuCWT_c16384_f96,2026-06-25 22:58:44,96936d0,GpuCWT,16384,96,16,wait:next_chunk,0.0,0.0,0.0,0.0,,
20260625_225844_GpuCWT_c16384_f96,2026-06-25 22:58:44,96936d0,GpuCWT,16384,96,16,raw_cwt,5.2581,0.2484,4.8641,5.6678,47.65,
20260625_225844_GpuCWT_c16384_f96,2026-06-25 22:58:44,96936d0,GpuCWT,16384,96,16,magnitude,0.8523,0.3608,0.5487,1.9812,7.72,
20260625_225844_GpuCWT_c16384_f96,2026-06-25 22:58:44,96936d0,GpuCWT,16384,96,16,edge_trim,0.0043,0.0013,0.0023,0.0081,0.04,
20260625_225844_GpuCWT_c16384_f96,2026-06-25 22:58:44,96936d0,GpuCWT,16384,96,16,hop_center,0.0066,0.0014,0.0047,0.0103,0.06,
20260625_225844_GpuCWT_c16384_f96,2026-06-25 22:58:44,96936d0,GpuCWT,16384,96,16,downsample,0.1206,0.0338,0.0801,0.2135,1.09,
20260625_225844_GpuCWT_c16384_f96,2026-06-25 22:58:44,96936d0,GpuCWT,16384,96,16,render,4.7928,1.8066,3.6145,9.4833,43.43,
20260625_225844_GpuCWT_c16384_f96,2026-06-25 22:58:44,96936d0,GpuCWT,16384,96,16,TOTAL,11.0346,1.8985,9.458,15.6919,100.0,16.834
20260625_225846_GpuCWT_c16384_f116,2026-06-25 22:58:46,96936d0,GpuCWT,16384,116,16,init:pipeline,733.705,0.0,733.705,733.705,,
20260625_225846_GpuCWT_c16384_f116,2026-06-25 22:58:46,96936d0,GpuCWT,16384,116,16,wait:next_chunk,0.0,0.0,0.0,0.0,,
20260625_225846_GpuCWT_c16384_f116,2026-06-25 22:58:46,96936d0,GpuCWT,16384,116,16,raw_cwt,5.8877,0.3993,5.1495,6.8132,50.89,
20260625_225846_GpuCWT_c16384_f116,2026-06-25 22:58:46,96936d0,GpuCWT,16384,116,16,magnitude,0.8761,0.3548,0.5853,2.1538,7.57,
20260625_225846_GpuCWT_c16384_f116,2026-06-25 22:58:46,96936d0,GpuCWT,16384,116,16,edge_trim,0.0048,0.0017,0.0028,0.0089,0.04,
20260625_225846_GpuCWT_c16384_f116,2026-06-25 22:58:46,96936d0,GpuCWT,16384,116,16,hop_center,0.0076,0.0019,0.0045,0.0111,0.07,
20260625_225846_GpuCWT_c16384_f116,2026-06-25 22:58:46,96936d0,GpuCWT,16384,116,16,downsample,0.1258,0.03,0.0795,0.2031,1.09,
20260625_225846_GpuCWT_c16384_f116,2026-06-25 22:58:46,96936d0,GpuCWT,16384,116,16,render,4.6676,1.8165,3.4827,9.5277,40.34,
20260625_225846_GpuCWT_c16384_f116,2026-06-25 22:58:46,96936d0,GpuCWT,16384,116,16,TOTAL,11.5696,1.6445,10.0896,15.5755,100.0,16.056
20260626_064852_GpuCWT_c16384_f116,2026-06-26 06:48:52,96936d0,GpuCWT,16384,116,27,init:pipeline,781.5108,0.0,781.5108,781.5108,,
20260626_064852_GpuCWT_c16384_f116,2026-06-26 06:48:52,96936d0,GpuCWT,16384,116,27,wait:next_chunk,174.3609,3.1923,159.1053,175.8079,,
20260626_064852_GpuCWT_c16384_f116,2026-06-26 06:48:52,96936d0,GpuCWT,16384,116,27,fft_cpu,1.2346,0.1842,1.1151,2.0506,11.2,
20260626_064852_GpuCWT_c16384_f116,2026-06-26 06:48:52,96936d0,GpuCWT,16384,116,27,upload,0.404,0.4836,0.2663,2.8591,3.67,
20260626_064852_GpuCWT_c16384_f116,2026-06-26 06:48:52,96936d0,GpuCWT,16384,116,27,multiply,0.37,0.1541,0.3116,1.1468,3.36,
20260626_064852_GpuCWT_c16384_f116,2026-06-26 06:48:52,96936d0,GpuCWT,16384,116,27,ifft,2.3879,0.1535,2.326,3.1603,21.66,
20260626_064852_GpuCWT_c16384_f116,2026-06-26 06:48:52,96936d0,GpuCWT,16384,116,27,download,1.6257,0.3127,1.4006,2.887,14.75,
20260626_064852_GpuCWT_c16384_f116,2026-06-26 06:48:52,96936d0,GpuCWT,16384,116,27,magnitude,0.7595,0.1657,0.5934,1.4683,6.89,
20260626_064852_GpuCWT_c16384_f116,2026-06-26 06:48:52,96936d0,GpuCWT,16384,116,27,edge_trim,0.0044,0.0011,0.0026,0.0067,0.04,
20260626_064852_GpuCWT_c16384_f116,2026-06-26 06:48:52,96936d0,GpuCWT,16384,116,27,hop_center,0.0083,0.0014,0.0056,0.0106,0.08,
20260626_064852_GpuCWT_c16384_f116,2026-06-26 06:48:52,96936d0,GpuCWT,16384,116,27,downsample,0.118,0.0136,0.1004,0.1522,1.07,
20260626_064852_GpuCWT_c16384_f116,2026-06-26 06:48:52,96936d0,GpuCWT,16384,116,27,render,4.1112,2.0304,3.2637,13.1538,37.29,
20260626_064852_GpuCWT_c16384_f116,2026-06-26 06:48:52,96936d0,GpuCWT,16384,116,27,TOTAL,11.0236,3.1638,9.6188,26.1402,100.0,16.851
20260626_125738_GpuCWT_c16384_f116,2026-06-26 12:57:38,96936d0,GpuCWT,16384,116,27,init:build,1125.1671,0.0,1125.1671,1125.1671,,
20260626_125738_GpuCWT_c16384_f116,2026-06-26 12:57:38,96936d0,GpuCWT,16384,116,27,init:prescan,293.5486,0.0,293.5486,293.5486,,
20260626_125738_GpuCWT_c16384_f116,2026-06-26 12:57:38,96936d0,GpuCWT,16384,116,27,wait:next_chunk,172.7716,10.4293,119.8742,175.8658,,
20260626_125738_GpuCWT_c16384_f116,2026-06-26 12:57:38,96936d0,GpuCWT,16384,116,27,audio_read,0.1434,0.0186,0.1244,0.2001,1.12,
20260626_125738_GpuCWT_c16384_f116,2026-06-26 12:57:38,96936d0,GpuCWT,16384,116,27,fft_cpu,1.2147,0.0966,1.1304,1.5637,9.53,
20260626_125738_GpuCWT_c16384_f116,2026-06-26 12:57:38,96936d0,GpuCWT,16384,116,27,upload,0.32,0.1421,0.2536,1.0148,2.51,
20260626_125738_GpuCWT_c16384_f116,2026-06-26 12:57:38,96936d0,GpuCWT,16384,116,27,multiply,0.3751,0.1433,0.3181,1.1002,2.94,
20260626_125738_GpuCWT_c16384_f116,2026-06-26 12:57:38,96936d0,GpuCWT,16384,116,27,ifft,2.4329,0.2558,2.3265,3.5109,19.09,
20260626_125738_GpuCWT_c16384_f116,2026-06-26 12:57:38,96936d0,GpuCWT,16384,116,27,download,1.661,0.3013,1.3742,2.5843,13.03,
20260626_125738_GpuCWT_c16384_f116,2026-06-26 12:57:38,96936d0,GpuCWT,16384,116,27,magnitude,0.7851,0.2404,0.605,1.6003,6.16,
20260626_125738_GpuCWT_c16384_f116,2026-06-26 12:57:38,96936d0,GpuCWT,16384,116,27,edge_trim,0.0043,0.0016,0.0028,0.0103,0.03,
20260626_125738_GpuCWT_c16384_f116,2026-06-26 12:57:38,96936d0,GpuCWT,16384,116,27,hop_center,0.0066,0.0014,0.0049,0.0124,0.05,
20260626_125738_GpuCWT_c16384_f116,2026-06-26 12:57:38,96936d0,GpuCWT,16384,116,27,downsample,0.1142,0.0162,0.0949,0.1655,0.9,
20260626_125738_GpuCWT_c16384_f116,2026-06-26 12:57:38,96936d0,GpuCWT,16384,116,27,buf_push,0.1161,0.0386,0.0862,0.2907,0.91,
20260626_125738_GpuCWT_c16384_f116,2026-06-26 12:57:38,96936d0,GpuCWT,16384,116,27,tex_upload,0.3493,0.0901,0.2624,0.7131,2.74,
20260626_125738_GpuCWT_c16384_f116,2026-06-26 12:57:38,96936d0,GpuCWT,16384,116,27,gl_clear,0.1792,0.2177,0.0212,1.2811,1.41,
20260626_125738_GpuCWT_c16384_f116,2026-06-26 12:57:38,96936d0,GpuCWT,16384,116,27,gl_draw,1.8384,9.0551,0.0526,48.0104,14.42,
20260626_125738_GpuCWT_c16384_f116,2026-06-26 12:57:38,96936d0,GpuCWT,16384,116,27,gl_swap,3.2063,0.9703,2.6376,6.5777,25.15,
20260626_125738_GpuCWT_c16384_f116,2026-06-26 12:57:38,96936d0,GpuCWT,16384,116,27,TOTAL,12.7464,10.455,9.6764,65.7795,100.0,14.573
20260626_130041_GpuCWT_c16384_f116,2026-06-26 13:00:41,96936d0,GpuCWT,16384,116,16,init:build,587.8116,0.0,587.8116,587.8116,,
20260626_130041_GpuCWT_c16384_f116,2026-06-26 13:00:41,96936d0,GpuCWT,16384,116,16,init:prescan,153.6647,0.0,153.6647,153.6647,,
20260626_130041_GpuCWT_c16384_f116,2026-06-26 13:00:41,96936d0,GpuCWT,16384,116,16,wait:next_chunk,0.0,0.0,0.0,0.0,,
20260626_130041_GpuCWT_c16384_f116,2026-06-26 13:00:41,96936d0,GpuCWT,16384,116,16,audio_read,0.2285,0.0616,0.1318,0.3528,1.94,
20260626_130041_GpuCWT_c16384_f116,2026-06-26 13:00:41,96936d0,GpuCWT,16384,116,16,raw_cwt,5.9193,0.3449,5.4356,6.479,50.32,
20260626_130041_GpuCWT_c16384_f116,2026-06-26 13:00:41,96936d0,GpuCWT,16384,116,16,magnitude,0.9445,0.3796,0.6171,1.993,8.03,
20260626_130041_GpuCWT_c16384_f116,2026-06-26 13:00:41,96936d0,GpuCWT,16384,116,16,edge_trim,0.0057,0.0033,0.0029,0.0161,0.05,
20260626_130041_GpuCWT_c16384_f116,2026-06-26 13:00:41,96936d0,GpuCWT,16384,116,16,hop_center,0.009,0.0047,0.0054,0.0256,0.08,
20260626_130041_GpuCWT_c16384_f116,2026-06-26 13:00:41,96936d0,GpuCWT,16384,116,16,downsample,0.1337,0.0434,0.0933,0.2729,1.14,
20260626_130041_GpuCWT_c16384_f116,2026-06-26 13:00:41,96936d0,GpuCWT,16384,116,16,render,4.5233,1.8929,3.2683,9.8533,38.45,
20260626_130041_GpuCWT_c16384_f116,2026-06-26 13:00:41,96936d0,GpuCWT,16384,116,16,TOTAL,11.7639,1.9144,10.0533,17.3522,100.0,15.791
20260626_130045_CpuCWT_c16384_f116,2026-06-26 13:00:45,96936d0,CpuCWT,16384,116,16,init:build,544.3226,0.0,544.3226,544.3226,,
20260626_130045_CpuCWT_c16384_f116,2026-06-26 13:00:45,96936d0,CpuCWT,16384,116,16,init:prescan,163.8704,0.0,163.8704,163.8704,,
20260626_130045_CpuCWT_c16384_f116,2026-06-26 13:00:45,96936d0,CpuCWT,16384,116,16,wait:next_chunk,0.0,0.0,0.0,0.0,,
20260626_130045_CpuCWT_c16384_f116,2026-06-26 13:00:45,96936d0,CpuCWT,16384,116,16,audio_read,0.2083,0.0669,0.1501,0.4394,0.25,
20260626_130045_CpuCWT_c16384_f116,2026-06-26 13:00:45,96936d0,CpuCWT,16384,116,16,raw_cwt,77.3818,2.3655,74.0784,81.7109,92.4,
20260626_130045_CpuCWT_c16384_f116,2026-06-26 13:00:45,96936d0,CpuCWT,16384,116,16,magnitude,1.6885,0.4539,1.3905,3.2183,2.02,
20260626_130045_CpuCWT_c16384_f116,2026-06-26 13:00:45,96936d0,CpuCWT,16384,116,16,edge_trim,0.0065,0.0019,0.0048,0.0133,0.01,
20260626_130045_CpuCWT_c16384_f116,2026-06-26 13:00:45,96936d0,CpuCWT,16384,116,16,hop_center,0.0083,0.0012,0.0073,0.0118,0.01,
20260626_130045_CpuCWT_c16384_f116,2026-06-26 13:00:45,96936d0,CpuCWT,16384,116,16,downsample,0.134,0.0136,0.1211,0.176,0.16,
20260626_130045_CpuCWT_c16384_f116,2026-06-26 13:00:45,96936d0,CpuCWT,16384,116,16,render,4.322,1.6698,3.3726,9.7128,5.16,
20260626_130045_CpuCWT_c16384_f116,2026-06-26 13:00:45,96936d0,CpuCWT,16384,116,16,TOTAL,83.7494,2.7866,79.9587,87.9135,100.0,2.218
20260626_130047_GpuCWT_c4096_f116,2026-06-26 13:00:47,96936d0,GpuCWT,4096,116,65,init:build,303.3786,0.0,303.3786,303.3786,,
20260626_130047_GpuCWT_c4096_f116,2026-06-26 13:00:47,96936d0,GpuCWT,4096,116,65,init:prescan,91.7491,0.0,91.7491,91.7491,,
20260626_130047_GpuCWT_c4096_f116,2026-06-26 13:00:47,96936d0,GpuCWT,4096,116,65,wait:next_chunk,0.0,0.0,0.0,0.0,,
20260626_130047_GpuCWT_c4096_f116,2026-06-26 13:00:47,96936d0,GpuCWT,4096,116,65,audio_read,0.2121,0.0507,0.0472,0.3774,3.08,
20260626_130047_GpuCWT_c4096_f116,2026-06-26 13:00:47,96936d0,GpuCWT,4096,116,65,raw_cwt,1.6128,0.4034,0.9547,3.5271,23.42,
20260626_130047_GpuCWT_c4096_f116,2026-06-26 13:00:47,96936d0,GpuCWT,4096,116,65,magnitude,0.2709,0.0837,0.1592,0.5436,3.93,
20260626_130047_GpuCWT_c4096_f116,2026-06-26 13:00:47,96936d0,GpuCWT,4096,116,65,edge_trim,0.0035,0.0027,0.0018,0.0238,0.05,
20260626_130047_GpuCWT_c4096_f116,2026-06-26 13:00:47,96936d0,GpuCWT,4096,116,65,hop_center,0.0061,0.0032,0.0037,0.0301,0.09,
20260626_130047_GpuCWT_c4096_f116,2026-06-26 13:00:47,96936d0,GpuCWT,4096,116,65,downsample,0.1036,0.0328,0.0464,0.235,1.5,
20260626_130047_GpuCWT_c4096_f116,2026-06-26 13:00:47,96936d0,GpuCWT,4096,116,65,render,4.6776,1.458,3.2076,12.1347,67.92,
20260626_130047_GpuCWT_c4096_f116,2026-06-26 13:00:47,96936d0,GpuCWT,4096,116,65,TOTAL,6.8866,1.5836,4.7691,14.1756,100.0,6.744
20260626_130049_GpuCWT_c8192_f116,2026-06-26 13:00:49,96936d0,GpuCWT,8192,116,32,init:build,415.712,0.0,415.712,415.712,,
20260626_130049_GpuCWT_c8192_f116,2026-06-26 13:00:49,96936d0,GpuCWT,8192,116,32,init:prescan,138.9628,0.0,138.9628,138.9628,,
20260626_130049_GpuCWT_c8192_f116,2026-06-26 13:00:49,96936d0,GpuCWT,8192,116,32,wait:next_chunk,0.0,0.0,0.0,0.0,,
20260626_130049_GpuCWT_c8192_f116,2026-06-26 13:00:49,96936d0,GpuCWT,8192,116,32,audio_read,0.2247,0.0799,0.0763,0.3987,2.52,
20260626_130049_GpuCWT_c8192_f116,2026-06-26 13:00:49,96936d0,GpuCWT,8192,116,32,raw_cwt,3.7584,0.3837,3.1212,5.2752,42.07,
20260626_130049_GpuCWT_c8192_f116,2026-06-26 13:00:49,96936d0,GpuCWT,8192,116,32,magnitude,0.4642,0.1951,0.2935,1.2838,5.2,
20260626_130049_GpuCWT_c8192_f116,2026-06-26 13:00:49,96936d0,GpuCWT,8192,116,32,edge_trim,0.0038,0.0021,0.0019,0.0124,0.04,
20260626_130049_GpuCWT_c8192_f116,2026-06-26 13:00:49,96936d0,GpuCWT,8192,116,32,hop_center,0.0072,0.0029,0.0035,0.0175,0.08,
20260626_130049_GpuCWT_c8192_f116,2026-06-26 13:00:49,96936d0,GpuCWT,8192,116,32,downsample,0.1172,0.0551,0.054,0.3452,1.31,
20260626_130049_GpuCWT_c8192_f116,2026-06-26 13:00:49,96936d0,GpuCWT,8192,116,32,render,4.3583,1.5366,3.2298,10.0851,48.78,
20260626_130049_GpuCWT_c8192_f116,2026-06-26 13:00:49,96936d0,GpuCWT,8192,116,32,TOTAL,8.9337,1.5461,7.2975,14.3839,100.0,10.397
20260626_130051_GpuCWT_c16384_f116,2026-06-26 13:00:51,96936d0,GpuCWT,16384,116,16,init:build,524.9079,0.0,524.9079,524.9079,,
20260626_130051_GpuCWT_c16384_f116,2026-06-26 13:00:51,96936d0,GpuCWT,16384,116,16,init:prescan,161.966,0.0,161.966,161.966,,
20260626_130051_GpuCWT_c16384_f116,2026-06-26 13:00:51,96936d0,GpuCWT,16384,116,16,wait:next_chunk,0.0,0.0,0.0,0.0,,
20260626_130051_GpuCWT_c16384_f116,2026-06-26 13:00:51,96936d0,GpuCWT,16384,116,16,audio_read,0.2165,0.0842,0.1036,0.4557,1.84,
20260626_130051_GpuCWT_c16384_f116,2026-06-26 13:00:51,96936d0,GpuCWT,16384,116,16,raw_cwt,5.9836,0.5671,5.3195,7.6067,50.9,
20260626_130051_GpuCWT_c16384_f116,2026-06-26 13:00:51,96936d0,GpuCWT,16384,116,16,magnitude,1.0097,0.6449,0.6314,3.4374,8.59,
20260626_130051_GpuCWT_c16384_f116,2026-06-26 13:00:51,96936d0,GpuCWT,16384,116,16,edge_trim,0.0052,0.0024,0.003,0.0108,0.04,
20260626_130051_GpuCWT_c16384_f116,2026-06-26 13:00:51,96936d0,GpuCWT,16384,116,16,hop_center,0.0076,0.0019,0.0048,0.0113,0.06,
20260626_130051_GpuCWT_c16384_f116,2026-06-26 13:00:51,96936d0,GpuCWT,16384,116,16,downsample,0.1294,0.0281,0.0958,0.1787,1.1,
20260626_130051_GpuCWT_c16384_f116,2026-06-26 13:00:51,96936d0,GpuCWT,16384,116,16,render,4.4032,1.7305,3.3605,9.3456,37.46,
20260626_130051_GpuCWT_c16384_f116,2026-06-26 13:00:51,96936d0,GpuCWT,16384,116,16,TOTAL,11.7552,1.7214,9.9866,15.9044,100.0,15.802
20260626_130053_GpuCWT_c32768_f116,2026-06-26 13:00:53,96936d0,GpuCWT,32768,116,8,init:build,562.8183,0.0,562.8183,562.8183,,
20260626_130053_GpuCWT_c32768_f116,2026-06-26 13:00:53,96936d0,GpuCWT,32768,116,8,init:prescan,174.2915,0.0,174.2915,174.2915,,
20260626_130053_GpuCWT_c32768_f116,2026-06-26 13:00:53,96936d0,GpuCWT,32768,116,8,wait:next_chunk,0.0,0.0,0.0,0.0,,
20260626_130053_GpuCWT_c32768_f116,2026-06-26 13:00:53,96936d0,GpuCWT,32768,116,8,audio_read,0.2656,0.0767,0.1413,0.3864,1.93,
20260626_130053_GpuCWT_c32768_f116,2026-06-26 13:00:53,96936d0,GpuCWT,32768,116,8,raw_cwt,6.1022,0.7283,5.3952,7.6077,44.26,
20260626_130053_GpuCWT_c32768_f116,2026-06-26 13:00:53,96936d0,GpuCWT,32768,116,8,magnitude,1.8493,0.7787,1.3081,3.8323,13.41,
20260626_130053_GpuCWT_c32768_f116,2026-06-26 13:00:53,96936d0,GpuCWT,32768,116,8,edge_trim,0.0069,0.0023,0.0038,0.01,0.05,
20260626_130053_GpuCWT_c32768_f116,2026-06-26 13:00:53,96936d0,GpuCWT,32768,116,8,hop_center,0.0101,0.0033,0.0059,0.0168,0.07,
20260626_130053_GpuCWT_c32768_f116,2026-06-26 13:00:53,96936d0,GpuCWT,32768,116,8,downsample,0.1747,0.0579,0.1131,0.2954,1.27,
20260626_130053_GpuCWT_c32768_f116,2026-06-26 13:00:53,96936d0,GpuCWT,32768,116,8,render,5.3787,2.7043,3.5199,10.7959,39.01,
20260626_130053_GpuCWT_c32768_f116,2026-06-26 13:00:53,96936d0,GpuCWT,32768,116,8,TOTAL,13.7874,2.5739,10.9123,18.4849,100.0,26.946
20260626_130056_GpuCWT_c16384_f116,2026-06-26 13:00:56,96936d0,GpuCWT,16384,116,11,init:build,545.8739,0.0,545.8739,545.8739,,
20260626_130056_GpuCWT_c16384_f116,2026-06-26 13:00:56,96936d0,GpuCWT,16384,116,11,init:prescan,157.0936,0.0,157.0936,157.0936,,
20260626_130056_GpuCWT_c16384_f116,2026-06-26 13:00:56,96936d0,GpuCWT,16384,116,11,wait:next_chunk,0.0,0.0,0.0,0.0,,
20260626_130056_GpuCWT_c16384_f116,2026-06-26 13:00:56,96936d0,GpuCWT,16384,116,11,audio_read,0.2603,0.0842,0.1077,0.4144,2.05,
20260626_130056_GpuCWT_c16384_f116,2026-06-26 13:00:56,96936d0,GpuCWT,16384,116,11,raw_cwt,6.1536,0.4857,5.4011,6.9736,48.44,
20260626_130056_GpuCWT_c16384_f116,2026-06-26 13:00:56,96936d0,GpuCWT,16384,116,11,magnitude,1.2304,0.6829,0.5894,3.2594,9.68,
20260626_130056_GpuCWT_c16384_f116,2026-06-26 13:00:56,96936d0,GpuCWT,16384,116,11,edge_trim,0.0064,0.0026,0.0031,0.0122,0.05,
20260626_130056_GpuCWT_c16384_f116,2026-06-26 13:00:56,96936d0,GpuCWT,16384,116,11,hop_center,0.0113,0.0081,0.0064,0.0357,0.09,
20260626_130056_GpuCWT_c16384_f116,2026-06-26 13:00:56,96936d0,GpuCWT,16384,116,11,downsample,0.1393,0.0378,0.0892,0.2166,1.1,
20260626_130056_GpuCWT_c16384_f116,2026-06-26 13:00:56,96936d0,GpuCWT,16384,116,11,render,4.9033,1.8867,3.6311,9.1921,38.59,
20260626_130056_GpuCWT_c16384_f116,2026-06-26 13:00:56,96936d0,GpuCWT,16384,116,11,TOTAL,12.7046,1.4574,11.1025,15.7748,100.0,21.932
20260626_130058_GpuCWT_c16384_f116,2026-06-26 13:00:58,96936d0,GpuCWT,16384,116,16,init:build,533.1247,0.0,533.1247,533.1247,,
20260626_130058_GpuCWT_c16384_f116,2026-06-26 13:00:58,96936d0,GpuCWT,16384,116,16,init:prescan,162.6862,0.0,162.6862,162.6862,,
20260626_130058_GpuCWT_c16384_f116,2026-06-26 13:00:58,96936d0,GpuCWT,16384,116,16,wait:next_chunk,0.0,0.0,0.0,0.0,,
20260626_130058_GpuCWT_c16384_f116,2026-06-26 13:00:58,96936d0,GpuCWT,16384,116,16,audio_read,0.2713,0.0815,0.1132,0.4502,2.03,
20260626_130058_GpuCWT_c16384_f116,2026-06-26 13:00:58,96936d0,GpuCWT,16384,116,16,raw_cwt,6.6959,1.4827,5.2782,11.6014,50.07,
20260626_130058_GpuCWT_c16384_f116,2026-06-26 13:00:58,96936d0,GpuCWT,16384,116,16,magnitude,1.1983,0.5081,0.6179,2.3474,8.96,
20260626_130058_GpuCWT_c16384_f116,2026-06-26 13:00:58,96936d0,GpuCWT,16384,116,16,edge_trim,0.0059,0.0016,0.0033,0.0094,0.04,
20260626_130058_GpuCWT_c16384_f116,2026-06-26 13:00:58,96936d0,GpuCWT,16384,116,16,hop_center,0.0108,0.0062,0.0059,0.0337,0.08,
20260626_130058_GpuCWT_c16384_f116,2026-06-26 13:00:58,96936d0,GpuCWT,16384,116,16,downsample,0.1528,0.0552,0.1024,0.3302,1.14,
20260626_130058_GpuCWT_c16384_f116,2026-06-26 13:00:58,96936d0,GpuCWT,16384,116,16,render,5.0394,1.8198,3.5099,9.7923,37.68,
20260626_130058_GpuCWT_c16384_f116,2026-06-26 13:00:58,96936d0,GpuCWT,16384,116,16,TOTAL,13.3744,2.3067,10.3207,19.0786,100.0,13.889
20260626_130100_GpuCWT_c16384_f116,2026-06-26 13:01:00,96936d0,GpuCWT,16384,116,32,init:build,526.7722,0.0,526.7722,526.7722,,
20260626_130100_GpuCWT_c16384_f116,2026-06-26 13:01:00,96936d0,GpuCWT,16384,116,32,init:prescan,165.2042,0.0,165.2042,165.2042,,
20260626_130100_GpuCWT_c16384_f116,2026-06-26 13:01:00,96936d0,GpuCWT,16384,116,32,wait:next_chunk,0.0,0.0,0.0,0.0,,
20260626_130100_GpuCWT_c16384_f116,2026-06-26 13:01:00,96936d0,GpuCWT,16384,116,32,audio_read,0.2489,0.0766,0.1046,0.4508,2.1,
20260626_130100_GpuCWT_c16384_f116,2026-06-26 13:01:00,96936d0,GpuCWT,16384,116,32,raw_cwt,6.0572,0.5538,5.4109,7.1465,51.17,
20260626_130100_GpuCWT_c16384_f116,2026-06-26 13:01:00,96936d0,GpuCWT,16384,116,32,magnitude,1.0131,0.5153,0.6586,3.3123,8.56,
20260626_130100_GpuCWT_c16384_f116,2026-06-26 13:01:00,96936d0,GpuCWT,16384,116,32,edge_trim,0.0057,0.0034,0.003,0.0229,0.05,
20260626_130100_GpuCWT_c16384_f116,2026-06-26 13:01:00,96936d0,GpuCWT,16384,116,32,hop_center,0.0083,0.0022,0.005,0.015,0.07,
20260626_130100_GpuCWT_c16384_f116,2026-06-26 13:01:00,96936d0,GpuCWT,16384,116,32,downsample,0.1307,0.0293,0.0944,0.2134,1.1,
20260626_130100_GpuCWT_c16384_f116,2026-06-26 13:01:00,96936d0,GpuCWT,16384,116,32,render,4.3734,1.5279,3.3152,10.1142,36.95,
20260626_130100_GpuCWT_c16384_f116,2026-06-26 13:01:00,96936d0,GpuCWT,16384,116,32,TOTAL,11.8374,1.6987,9.9478,16.8906,100.0,7.846
20260626_130102_GpuCWT_c16384_f72,2026-06-26 13:01:02,96936d0,GpuCWT,16384,72,16,init:build,420.3954,0.0,420.3954,420.3954,,
20260626_130102_GpuCWT_c16384_f72,2026-06-26 13:01:02,96936d0,GpuCWT,16384,72,16,init:prescan,136.5804,0.0,136.5804,136.5804,,
20260626_130102_GpuCWT_c16384_f72,2026-06-26 13:01:02,96936d0,GpuCWT,16384,72,16,wait:next_chunk,0.0,0.0,0.0,0.0,,
20260626_130102_GpuCWT_c16384_f72,2026-06-26 13:01:02,96936d0,GpuCWT,16384,72,16,audio_read,0.2638,0.0752,0.1395,0.3831,2.66,
20260626_130102_GpuCWT_c16384_f72,2026-06-26 13:01:02,96936d0,GpuCWT,16384,72,16,raw_cwt,4.3201,0.4362,3.8881,5.6639,43.63,
20260626_130102_GpuCWT_c16384_f72,2026-06-26 13:01:02,96936d0,GpuCWT,16384,72,16,magnitude,0.5862,0.2438,0.4132,1.412,5.92,
20260626_130102_GpuCWT_c16384_f72,2026-06-26 13:01:02,96936d0,GpuCWT,16384,72,16,edge_trim,0.0042,0.0017,0.0024,0.0086,0.04,
20260626_130102_GpuCWT_c16384_f72,2026-06-26 13:01:02,96936d0,GpuCWT,16384,72,16,hop_center,0.0072,0.0022,0.0048,0.0126,0.07,
20260626_130102_GpuCWT_c16384_f72,2026-06-26 13:01:02,96936d0,GpuCWT,16384,72,16,downsample,0.1084,0.0274,0.0755,0.1702,1.09,
20260626_130102_GpuCWT_c16384_f72,2026-06-26 13:01:02,96936d0,GpuCWT,16384,72,16,render,4.6115,1.8162,3.3049,9.2944,46.57,
20260626_130102_GpuCWT_c16384_f72,2026-06-26 13:01:02,96936d0,GpuCWT,16384,72,16,TOTAL,9.9014,1.676,8.3659,14.2891,100.0,18.761
20260626_130104_GpuCWT_c16384_f96,2026-06-26 13:01:04,96936d0,GpuCWT,16384,96,16,init:build,495.4373,0.0,495.4373,495.4373,,
20260626_130104_GpuCWT_c16384_f96,2026-06-26 13:01:04,96936d0,GpuCWT,16384,96,16,init:prescan,147.1799,0.0,147.1799,147.1799,,
20260626_130104_GpuCWT_c16384_f96,2026-06-26 13:01:04,96936d0,GpuCWT,16384,96,16,wait:next_chunk,0.0,0.0,0.0,0.0,,
20260626_130104_GpuCWT_c16384_f96,2026-06-26 13:01:04,96936d0,GpuCWT,16384,96,16,audio_read,0.2295,0.0606,0.1094,0.3623,2.03,
20260626_130104_GpuCWT_c16384_f96,2026-06-26 13:01:04,96936d0,GpuCWT,16384,96,16,raw_cwt,5.3668,0.6298,4.5708,7.1634,47.43,
20260626_130104_GpuCWT_c16384_f96,2026-06-26 13:01:04,96936d0,GpuCWT,16384,96,16,magnitude,0.8293,0.3124,0.5322,1.6621,7.33,
20260626_130104_GpuCWT_c16384_f96,2026-06-26 13:01:04,96936d0,GpuCWT,16384,96,16,edge_trim,0.0047,0.0009,0.0029,0.0062,0.04,
20260626_130104_GpuCWT_c16384_f96,2026-06-26 13:01:04,96936d0,GpuCWT,16384,96,16,hop_center,0.0071,0.0011,0.0053,0.0096,0.06,
20260626_130104_GpuCWT_c16384_f96,2026-06-26 13:01:04,96936d0,GpuCWT,16384,96,16,downsample,0.1278,0.0308,0.0855,0.1867,1.13,
20260626_130104_GpuCWT_c16384_f96,2026-06-26 13:01:04,96936d0,GpuCWT,16384,96,16,render,4.7493,1.8246,3.5167,9.4992,41.98,
20260626_130104_GpuCWT_c16384_f96,2026-06-26 13:01:04,96936d0,GpuCWT,16384,96,16,TOTAL,11.3145,1.7007,9.4534,15.5164,100.0,16.418
20260626_130106_GpuCWT_c16384_f116,2026-06-26 13:01:06,96936d0,GpuCWT,16384,116,16,init:build,523.9559,0.0,523.9559,523.9559,,
20260626_130106_GpuCWT_c16384_f116,2026-06-26 13:01:06,96936d0,GpuCWT,16384,116,16,init:prescan,164.5101,0.0,164.5101,164.5101,,
20260626_130106_GpuCWT_c16384_f116,2026-06-26 13:01:06,96936d0,GpuCWT,16384,116,16,wait:next_chunk,0.0,0.0,0.0,0.0,,
20260626_130106_GpuCWT_c16384_f116,2026-06-26 13:01:06,96936d0,GpuCWT,16384,116,16,audio_read,0.2424,0.0546,0.1297,0.3599,2.08,
20260626_130106_GpuCWT_c16384_f116,2026-06-26 13:01:06,96936d0,GpuCWT,16384,116,16,raw_cwt,5.8806,0.3919,5.213,6.7228,50.4,
20260626_130106_GpuCWT_c16384_f116,2026-06-26 13:01:06,96936d0,GpuCWT,16384,116,16,magnitude,0.9265,0.4099,0.6539,2.3991,7.94,
20260626_130106_GpuCWT_c16384_f116,2026-06-26 13:01:06,96936d0,GpuCWT,16384,116,16,edge_trim,0.0056,0.0025,0.0032,0.0119,0.05,
20260626_130106_GpuCWT_c16384_f116,2026-06-26 13:01:06,96936d0,GpuCWT,16384,116,16,hop_center,0.0081,0.0027,0.0048,0.0147,0.07,
20260626_130106_GpuCWT_c16384_f116,2026-06-26 13:01:06,96936d0,GpuCWT,16384,116,16,downsample,0.1363,0.0403,0.0924,0.2223,1.17,
20260626_130106_GpuCWT_c16384_f116,2026-06-26 13:01:06,96936d0,GpuCWT,16384,116,16,render,4.4675,1.7078,3.3537,9.1265,38.29,
20260626_130106_GpuCWT_c16384_f116,2026-06-26 13:01:06,96936d0,GpuCWT,16384,116,16,TOTAL,11.6669,1.6178,9.908,15.9091,100.0,15.922
20260626_165337_GpuCWT_c16384_f116,2026-06-26 16:53:37,96936d0,GpuCWT,16384,116,22,init:audio,918.1061,0.0,918.1061,918.1061,,
20260626_165337_GpuCWT_c16384_f116,2026-06-26 16:53:37,96936d0,GpuCWT,16384,116,22,init:dsp,1064.4042,0.0,1064.4042,1064.4042,,
20260626_165337_GpuCWT_c16384_f116,2026-06-26 16:53:37,96936d0,GpuCWT,16384,116,22,init:renderer,860.1726,0.0,860.1726,860.1726,,
20260626_165337_GpuCWT_c16384_f116,2026-06-26 16:53:37,96936d0,GpuCWT,16384,116,22,init:prescan,943.8666,0.0,943.8666,943.8666,,
20260626_165337_GpuCWT_c16384_f116,2026-06-26 16:53:37,96936d0,GpuCWT,16384,116,22,init:other,351.9415,0.0,351.9415,351.9415,,
20260626_165337_GpuCWT_c16384_f116,2026-06-26 16:53:37,96936d0,GpuCWT,16384,116,22,wait:next_chunk,143.431,32.7592,1.9945,166.6198,,
20260626_165337_GpuCWT_c16384_f116,2026-06-26 16:53:37,96936d0,GpuCWT,16384,116,22,audio_read,0.1727,0.0254,0.1512,0.2577,0.41,
20260626_165337_GpuCWT_c16384_f116,2026-06-26 16:53:37,96936d0,GpuCWT,16384,116,22,fft_cpu,1.4213,0.1687,1.3064,2.0185,3.38,
20260626_165337_GpuCWT_c16384_f116,2026-06-26 16:53:37,96936d0,GpuCWT,16384,116,22,upload,1.2911,4.3941,0.2795,21.4223,3.07,
20260626_165337_GpuCWT_c16384_f116,2026-06-26 16:53:37,96936d0,GpuCWT,16384,116,22,multiply,0.4994,0.6002,0.2623,2.7118,1.19,
20260626_165337_GpuCWT_c16384_f116,2026-06-26 16:53:37,96936d0,GpuCWT,16384,116,22,ifft,3.579,5.3256,2.34,27.9681,8.5,
20260626_165337_GpuCWT_c16384_f116,2026-06-26 16:53:37,96936d0,GpuCWT,16384,116,22,download,2.7542,2.8196,1.3954,14.8238,6.54,
20260626_165337_GpuCWT_c16384_f116,2026-06-26 16:53:37,96936d0,GpuCWT,16384,116,22,magnitude,0.7456,0.1903,0.6162,1.4417,1.77,
20260626_165337_GpuCWT_c16384_f116,2026-06-26 16:53:37,96936d0,GpuCWT,16384,116,22,edge_trim,0.0048,0.001,0.0035,0.0083,0.01,
20260626_165337_GpuCWT_c16384_f116,2026-06-26 16:53:37,96936d0,GpuCWT,16384,116,22,hop_center,0.0767,0.3168,0.0066,1.5284,0.18,
20260626_165337_GpuCWT_c16384_f116,2026-06-26 16:53:37,96936d0,GpuCWT,16384,116,22,downsample,0.1248,0.0143,0.106,0.1628,0.3,
20260626_165337_GpuCWT_c16384_f116,2026-06-26 16:53:37,96936d0,GpuCWT,16384,116,22,buf_push,0.1054,0.0255,0.0887,0.2135,0.25,
20260626_165337_GpuCWT_c16384_f116,2026-06-26 16:53:37,96936d0,GpuCWT,16384,116,22,tex_upload,0.3586,0.1702,0.2389,0.9543,0.85,
20260626_165337_GpuCWT_c16384_f116,2026-06-26 16:53:37,96936d0,GpuCWT,16384,116,22,gl_clear,0.9061,2.6174,0.0243,12.1085,2.15,
20260626_165337_GpuCWT_c16384_f116,2026-06-26 16:53:37,96936d0,GpuCWT,16384,116,22,gl_draw,5.9922,27.1622,0.056,130.4648,14.23,
20260626_165337_GpuCWT_c16384_f116,2026-06-26 16:53:37,96936d0,GpuCWT,16384,116,22,gl_swap,24.0689,9.0907,11.7587,53.4526,57.17,
20260626_165337_GpuCWT_c16384_f116,2026-06-26 16:53:37,96936d0,GpuCWT,16384,116,22,TOTAL,42.1006,32.7787,18.9234,183.6311,100.0,4.412
20260626_232905_GpuCWT_c16384_f116,2026-06-26 23:29:05,96936d0,GpuCWT,16384,116,22,init:audio,95.0028,0.0,95.0028,95.0028,,
20260626_232905_GpuCWT_c16384_f116,2026-06-26 23:29:05,96936d0,GpuCWT,16384,116,22,init:dsp,402.2197,0.0,402.2197,402.2197,,
20260626_232905_GpuCWT_c16384_f116,2026-06-26 23:29:05,96936d0,GpuCWT,16384,116,22,init:renderer,299.7723,0.0,299.7723,299.7723,,
20260626_232905_GpuCWT_c16384_f116,2026-06-26 23:29:05,96936d0,GpuCWT,16384,116,22,init:prescan,162.7513,0.0,162.7513,162.7513,,
20260626_232905_GpuCWT_c16384_f116,2026-06-26 23:29:05,96936d0,GpuCWT,16384,116,22,init:other,99.9073,0.0,99.9073,99.9073,,
20260626_232905_GpuCWT_c16384_f116,2026-06-26 23:29:05,96936d0,GpuCWT,16384,116,22,wait:next_chunk,172.1486,12.0596,117.257,175.9972,,
20260626_232905_GpuCWT_c16384_f116,2026-06-26 23:29:05,96936d0,GpuCWT,16384,116,22,audio_read,0.1457,0.0239,0.1284,0.2239,1.09,
20260626_232905_GpuCWT_c16384_f116,2026-06-26 23:29:05,96936d0,GpuCWT,16384,116,22,fft_cpu,1.1876,0.0498,1.1219,1.3206,8.88,
20260626_232905_GpuCWT_c16384_f116,2026-06-26 23:29:05,96936d0,GpuCWT,16384,116,22,upload,0.4015,0.4381,0.2627,2.3987,3.0,
20260626_232905_GpuCWT_c16384_f116,2026-06-26 23:29:05,96936d0,GpuCWT,16384,116,22,multiply,0.3191,0.1666,0.2624,1.0795,2.39,
20260626_232905_GpuCWT_c16384_f116,2026-06-26 23:29:05,96936d0,GpuCWT,16384,116,22,ifft,2.3888,0.1606,2.3224,3.1093,17.87,
20260626_232905_GpuCWT_c16384_f116,2026-06-26 23:29:05,96936d0,GpuCWT,16384,116,22,download,1.6785,0.3729,1.3821,2.9024,12.56,
20260626_232905_GpuCWT_c16384_f116,2026-06-26 23:29:05,96936d0,GpuCWT,16384,116,22,magnitude,0.7792,0.1894,0.608,1.3309,5.83,
20260626_232905_GpuCWT_c16384_f116,2026-06-26 23:29:05,96936d0,GpuCWT,16384,116,22,edge_trim,0.0059,0.0055,0.0025,0.0305,0.04,
20260626_232905_GpuCWT_c16384_f116,2026-06-26 23:29:05,96936d0,GpuCWT,16384,116,22,hop_center,0.0074,0.0022,0.0048,0.0146,0.06,
20260626_232905_GpuCWT_c16384_f116,2026-06-26 23:29:05,96936d0,GpuCWT,16384,116,22,downsample,0.1327,0.0439,0.0993,0.2814,0.99,
20260626_232905_GpuCWT_c16384_f116,2026-06-26 23:29:05,96936d0,GpuCWT,16384,116,22,buf_push,0.1097,0.0288,0.0823,0.2151,0.82,
20260626_232905_GpuCWT_c16384_f116,2026-06-26 23:29:05,96936d0,GpuCWT,16384,116,22,tex_upload,0.3339,0.0938,0.2419,0.6901,2.5,
20260626_232905_GpuCWT_c16384_f116,2026-06-26 23:29:05,96936d0,GpuCWT,16384,116,22,gl_clear,0.2031,0.2763,0.0218,1.4532,1.52,
20260626_232905_GpuCWT_c16384_f116,2026-06-26 23:29:05,96936d0,GpuCWT,16384,116,22,gl_draw,2.3277,10.3667,0.054,49.8337,17.41,
20260626_232905_GpuCWT_c16384_f116,2026-06-26 23:29:05,96936d0,GpuCWT,16384,116,22,gl_swap,3.3463,1.2014,2.5554,7.916,25.03,
20260626_232905_GpuCWT_c16384_f116,2026-06-26 23:29:05,96936d0,GpuCWT,16384,116,22,TOTAL,13.3671,12.0883,9.523,68.3937,100.0,13.897
20260626_232905_GpuCWT_c16384_f116,2026-06-26 23:29:05,96936d0,GpuCWT,16384,116,22,init:audio_reader,81.0,0.0,81.0,81.0,,
20260626_232905_GpuCWT_c16384_f116,2026-06-26 23:29:05,96936d0,GpuCWT,16384,116,22,init:audio_player,14.0,0.0,14.0,14.0,,
20260626_232905_GpuCWT_c16384_f116,2026-06-26 23:29:05,96936d0,GpuCWT,16384,116,22,init:dsp_kernels,118.0,0.0,118.0,118.0,,
20260626_232905_GpuCWT_c16384_f116,2026-06-26 23:29:05,96936d0,GpuCWT,16384,116,22,init:dsp_fft,264.0,0.0,264.0,264.0,,
20260626_232905_GpuCWT_c16384_f116,2026-06-26 23:29:05,96936d0,GpuCWT,16384,116,22,init:dsp_upload,20.0,0.0,20.0,20.0,,
20260626_232905_GpuCWT_c16384_f116,2026-06-26 23:29:05,96936d0,GpuCWT,16384,116,22,init:render_buffer,4.0,0.0,4.0,4.0,,
20260626_232905_GpuCWT_c16384_f116,2026-06-26 23:29:05,96936d0,GpuCWT,16384,116,22,init:render_glcontext,251.0,0.0,251.0,251.0,,
20260626_232905_GpuCWT_c16384_f116,2026-06-26 23:29:05,96936d0,GpuCWT,16384,116,22,init:render_shader,45.0,0.0,45.0,45.0,,
20260701_004738_GpuCWT_c16384_f116,2026-07-01 00:47:38,96936d0,GpuCWT,16384,116,27,init:audio,504.0774,0.0,504.0774,504.0774,,
20260701_004738_GpuCWT_c16384_f116,2026-07-01 00:47:38,96936d0,GpuCWT,16384,116,27,init:dsp,394.1503,0.0,394.1503,394.1503,,
20260701_004738_GpuCWT_c16384_f116,2026-07-01 00:47:38,96936d0,GpuCWT,16384,116,27,init:renderer,377.009,0.0,377.009,377.009,,
20260701_004738_GpuCWT_c16384_f116,2026-07-01 00:47:38,96936d0,GpuCWT,16384,116,27,init:prescan,358.1144,0.0,358.1144,358.1144,,
20260701_004738_GpuCWT_c16384_f116,2026-07-01 00:47:38,96936d0,GpuCWT,16384,116,27,init:other,106.2654,0.0,106.2654,106.2654,,
20260701_004738_GpuCWT_c16384_f116,2026-07-01 00:47:38,96936d0,GpuCWT,16384,116,27,init:audio_reader,1.7148,0.0,1.7148,1.7148,,
20260701_004738_GpuCWT_c16384_f116,2026-07-01 00:47:38,96936d0,GpuCWT,16384,116,27,init:audio_player,502.3323,0.0,502.3323,502.3323,,
20260701_004738_GpuCWT_c16384_f116,2026-07-01 00:47:38,96936d0,GpuCWT,16384,116,27,init:dsp_kernels,97.1957,0.0,97.1957,97.1957,,
20260701_004738_GpuCWT_c16384_f116,2026-07-01 00:47:38,96936d0,GpuCWT,16384,116,27,init:dsp_fft,153.4728,0.0,153.4728,153.4728,,
20260701_004738_GpuCWT_c16384_f116,2026-07-01 00:47:38,96936d0,GpuCWT,16384,116,27,init:dsp_upload,143.1146,0.0,143.1146,143.1146,,
20260701_004738_GpuCWT_c16384_f116,2026-07-01 00:47:38,96936d0,GpuCWT,16384,116,27,init:render_buffer,0.1001,0.0,0.1001,0.1001,,
20260701_004738_GpuCWT_c16384_f116,2026-07-01 00:47:38,96936d0,GpuCWT,16384,116,27,init:render_glcontext,366.1869,0.0,366.1869,366.1869,,
20260701_004738_GpuCWT_c16384_f116,2026-07-01 00:47:38,96936d0,GpuCWT,16384,116,27,init:render_shader,10.6917,0.0,10.6917,10.6917,,
20260701_004738_GpuCWT_c16384_f116,2026-07-01 00:47:38,96936d0,GpuCWT,16384,116,27,wait:next_chunk,172.1493,13.4107,103.9019,176.0268,,
20260701_004738_GpuCWT_c16384_f116,2026-07-01 00:47:38,96936d0,GpuCWT,16384,116,27,audio_read,0.1503,0.0266,0.1311,0.2386,1.12,
20260701_004738_GpuCWT_c16384_f116,2026-07-01 00:47:38,96936d0,GpuCWT,16384,116,27,fft_cpu,1.2434,0.1361,1.1203,1.7034,9.3,
20260701_004738_GpuCWT_c16384_f116,2026-07-01 00:47:38,96936d0,GpuCWT,16384,116,27,upload,0.3593,0.2835,0.2523,1.7797,2.69,
20260701_004738_GpuCWT_c16384_f116,2026-07-01 00:47:38,96936d0,GpuCWT,16384,116,27,multiply,0.3904,0.1625,0.3098,1.13,2.92,
20260701_004738_GpuCWT_c16384_f116,2026-07-01 00:47:38,96936d0,GpuCWT,16384,116,27,ifft,2.5169,0.3608,2.3237,3.4846,18.83,
20260701_004738_GpuCWT_c16384_f116,2026-07-01 00:47:38,96936d0,GpuCWT,16384,116,27,download,1.6482,0.3277,1.3691,2.7893,12.33,
20260701_004738_GpuCWT_c16384_f116,2026-07-01 00:47:38,96936d0,GpuCWT,16384,116,27,magnitude,0.743,0.2344,0.5374,1.8233,5.56,
20260701_004738_GpuCWT_c16384_f116,2026-07-01 00:47:38,96936d0,GpuCWT,16384,116,27,edge_trim,0.0045,0.002,0.0029,0.0133,0.03,
20260701_004738_GpuCWT_c16384_f116,2026-07-01 00:47:38,96936d0,GpuCWT,16384,116,27,hop_center,0.0064,0.0017,0.0048,0.0133,0.05,
20260701_004738_GpuCWT_c16384_f116,2026-07-01 00:47:38,96936d0,GpuCWT,16384,116,27,downsample,0.1213,0.0197,0.1,0.1861,0.91,
20260701_004738_GpuCWT_c16384_f116,2026-07-01 00:47:38,96936d0,GpuCWT,16384,116,27,buf_push,0.1095,0.0367,0.0785,0.2101,0.82,
20260701_004738_GpuCWT_c16384_f116,2026-07-01 00:47:38,96936d0,GpuCWT,16384,116,27,tex_upload,0.3474,0.0855,0.2467,0.6634,2.6,
20260701_004738_GpuCWT_c16384_f116,2026-07-01 00:47:38,96936d0,GpuCWT,16384,116,27,gl_clear,0.1646,0.1471,0.0215,0.8989,1.23,
20260701_004738_GpuCWT_c16384_f116,2026-07-01 00:47:38,96936d0,GpuCWT,16384,116,27,gl_draw,2.4331,12.0915,0.0507,64.0879,18.21,
20260701_004738_GpuCWT_c16384_f116,2026-07-01 00:47:38,96936d0,GpuCWT,16384,116,27,gl_swap,3.1263,0.7269,2.6145,5.9016,23.39,
20260701_004738_GpuCWT_c16384_f116,2026-07-01 00:47:38,96936d0,GpuCWT,16384,116,27,TOTAL,13.3645,13.436,9.4278,81.7433,100.0,13.899
20260716_231815_GpuCWT_c16384_f116,2026-07-16 23:18:15,44b67ce,GpuCWT,16384,116,27,init:audio,128.4527,0.0,128.4527,128.4527,,
20260716_231815_GpuCWT_c16384_f116,2026-07-16 23:18:15,44b67ce,GpuCWT,16384,116,27,init:dsp,383.3495,0.0,383.3495,383.3495,,
20260716_231815_GpuCWT_c16384_f116,2026-07-16 23:18:15,44b67ce,GpuCWT,16384,116,27,init:renderer,81.4388,0.0,81.4388,81.4388,,
20260716_231815_GpuCWT_c16384_f116,2026-07-16 23:18:15,44b67ce,GpuCWT,16384,116,27,init:prescan,140.5053,0.0,140.5053,140.5053,,
20260716_231815_GpuCWT_c16384_f116,2026-07-16 23:18:15,44b67ce,GpuCWT,16384,116,27,init:prime,14.5977,0.0,14.5977,14.5977,,
20260716_231815_GpuCWT_c16384_f116,2026-07-16 23:18:15,44b67ce,GpuCWT,16384,116,27,init:other,313.1737,0.0,313.1737,313.1737,,
20260716_231815_GpuCWT_c16384_f116,2026-07-16 23:18:15,44b67ce,GpuCWT,16384,116,27,init:audio_reader,0.6788,0.0,0.6788,0.6788,,
20260716_231815_GpuCWT_c16384_f116,2026-07-16 23:18:15,44b67ce,GpuCWT,16384,116,27,init:audio_player,127.7436,0.0,127.7436,127.7436,,
20260716_231815_GpuCWT_c16384_f116,2026-07-16 23:18:15,44b67ce,GpuCWT,16384,116,27,init:dsp_kernels,90.7691,0.0,90.7691,90.7691,,
20260716_231815_GpuCWT_c16384_f116,2026-07-16 23:18:15,44b67ce,GpuCWT,16384,116,27,init:dsp_fft,149.5352,0.0,149.5352,149.5352,,
20260716_231815_GpuCWT_c16384_f116,2026-07-16 23:18:15,44b67ce,GpuCWT,16384,116,27,init:dsp_upload,142.8308,0.0,142.8308,142.8308,,
20260716_231815_GpuCWT_c16384_f116,2026-07-16 23:18:15,44b67ce,GpuCWT,16384,116,27,init:render_buffer,0.0774,0.0,0.0774,0.0774,,
20260716_231815_GpuCWT_c16384_f116,2026-07-16 23:18:15,44b67ce,GpuCWT,16384,116,27,init:render_glcontext,72.9892,0.0,72.9892,72.9892,,
20260716_231815_GpuCWT_c16384_f116,2026-07-16 23:18:15,44b67ce,GpuCWT,16384,116,27,init:render_shader,8.3427,0.0,8.3427,8.3427,,
20260716_231815_GpuCWT_c16384_f116,2026-07-16 23:18:15,44b67ce,GpuCWT,16384,116,27,wait:next_chunk,174.8969,1.2282,169.3855,175.7848,,
20260716_231815_GpuCWT_c16384_f116,2026-07-16 23:18:15,44b67ce,GpuCWT,16384,116,27,audio_read,0.1542,0.0196,0.1194,0.2193,1.51,
20260716_231815_GpuCWT_c16384_f116,2026-07-16 23:18:15,44b67ce,GpuCWT,16384,116,27,fft_cpu,1.2008,0.0442,1.1297,1.3064,11.76,
20260716_231815_GpuCWT_c16384_f116,2026-07-16 23:18:15,44b67ce,GpuCWT,16384,116,27,upload,0.3125,0.1204,0.2495,0.8959,3.06,
20260716_231815_GpuCWT_c16384_f116,2026-07-16 23:18:15,44b67ce,GpuCWT,16384,116,27,multiply,0.2887,0.1354,0.2405,0.9752,2.83,
20260716_231815_GpuCWT_c16384_f116,2026-07-16 23:18:15,44b67ce,GpuCWT,16384,116,27,ifft,2.3758,0.1457,2.3247,3.108,23.26,
20260716_231815_GpuCWT_c16384_f116,2026-07-16 23:18:15,44b67ce,GpuCWT,16384,116,27,download,1.5756,0.3078,1.357,2.1701,15.43,
20260716_231815_GpuCWT_c16384_f116,2026-07-16 23:18:15,44b67ce,GpuCWT,16384,116,27,magnitude,0.6615,0.1136,0.5788,1.1227,6.48,
20260716_231815_GpuCWT_c16384_f116,2026-07-16 23:18:15,44b67ce,GpuCWT,16384,116,27,edge_trim,0.0042,0.0009,0.003,0.0068,0.04,
20260716_231815_GpuCWT_c16384_f116,2026-07-16 23:18:15,44b67ce,GpuCWT,16384,116,27,hop_center,0.0073,0.0038,0.0049,0.0261,0.07,
20260716_231815_GpuCWT_c16384_f116,2026-07-16 23:18:15,44b67ce,GpuCWT,16384,116,27,downsample,0.119,0.0154,0.1084,0.19,1.17,
20260716_231815_GpuCWT_c16384_f116,2026-07-16 23:18:15,44b67ce,GpuCWT,16384,116,27,buf_push,0.0995,0.0197,0.0773,0.154,0.97,
20260716_231815_GpuCWT_c16384_f116,2026-07-16 23:18:15,44b67ce,GpuCWT,16384,116,27,tex_upload,0.2889,0.0767,0.2158,0.6179,2.83,
20260716_231815_GpuCWT_c16384_f116,2026-07-16 23:18:15,44b67ce,GpuCWT,16384,116,27,gl_clear,0.1524,0.0892,0.1219,0.6055,1.49,
20260716_231815_GpuCWT_c16384_f116,2026-07-16 23:18:15,44b67ce,GpuCWT,16384,116,27,gl_draw,0.053,0.0032,0.0492,0.0622,0.52,
20260716_231815_GpuCWT_c16384_f116,2026-07-16 23:18:15,44b67ce,GpuCWT,16384,116,27,gl_swap,2.9191,0.5662,2.5242,5.7313,28.58,
20260716_231815_GpuCWT_c16384_f116,2026-07-16 23:18:15,44b67ce,GpuCWT,16384,116,27,TOTAL,10.2123,1.2663,9.5708,16.2903,100.0,18.19
20260721_202122_GpuCWT_c16384_f116,2026-07-21 20:21:22,44b67ce,GpuCWT,16384,116,323,wait:next_chunk,104.2367,28.2528,56.518,176.0878,,
20260721_202122_GpuCWT_c16384_f116,2026-07-21 20:21:22,44b67ce,GpuCWT,16384,116,323,audio_read,0.1579,0.0193,0.1271,0.3094,0.19,
20260721_202122_GpuCWT_c16384_f116,2026-07-21 20:21:22,44b67ce,GpuCWT,16384,116,323,fft_cpu,1.1853,0.0945,1.0953,1.703,1.46,
20260721_202122_GpuCWT_c16384_f116,2026-07-21 20:21:22,44b67ce,GpuCWT,16384,116,323,upload,0.5393,0.143,0.252,1.0008,0.66,
20260721_202122_GpuCWT_c16384_f116,2026-07-21 20:21:22,44b67ce,GpuCWT,16384,116,323,multiply,5.3333,2.3882,0.2627,15.353,6.56,
20260721_202122_GpuCWT_c16384_f116,2026-07-21 20:21:22,44b67ce,GpuCWT,16384,116,323,ifft,60.4468,23.295,2.3156,100.556,74.38,
20260721_202122_GpuCWT_c16384_f116,2026-07-21 20:21:22,44b67ce,GpuCWT,16384,116,323,download,9.5144,3.264,1.3521,20.6526,11.71,
20260721_202122_GpuCWT_c16384_f116,2026-07-21 20:21:22,44b67ce,GpuCWT,16384,116,323,magnitude,0.6075,0.0666,0.5271,1.1409,0.75,
20260721_202122_GpuCWT_c16384_f116,2026-07-21 20:21:22,44b67ce,GpuCWT,16384,116,323,edge_trim,0.0051,0.0024,0.0025,0.0405,0.01,
20260721_202122_GpuCWT_c16384_f116,2026-07-21 20:21:22,44b67ce,GpuCWT,16384,116,323,hop_center,0.0086,0.0041,0.005,0.0726,0.01,
20260721_202122_GpuCWT_c16384_f116,2026-07-21 20:21:22,44b67ce,GpuCWT,16384,116,323,downsample,0.1255,0.016,0.1002,0.2914,0.15,
20260721_202122_GpuCWT_c16384_f116,2026-07-21 20:21:22,44b67ce,GpuCWT,16384,116,323,buf_push,0.0946,0.0143,0.0843,0.219,0.12,
20260721_202122_GpuCWT_c16384_f116,2026-07-21 20:21:22,44b67ce,GpuCWT,16384,116,323,tex_upload,0.2784,0.0431,0.2112,0.384,0.34,
20260721_202122_GpuCWT_c16384_f116,2026-07-21 20:21:22,44b67ce,GpuCWT,16384,116,323,gl_clear,0.1389,0.0333,0.1163,0.5364,0.17,
20260721_202122_GpuCWT_c16384_f116,2026-07-21 20:21:22,44b67ce,GpuCWT,16384,116,323,gl_draw,0.0566,0.009,0.0489,0.1713,0.07,
20260721_202122_GpuCWT_c16384_f116,2026-07-21 20:21:22,44b67ce,GpuCWT,16384,116,323,gl_swap,2.7758,0.2325,2.4428,5.7774,3.42,
20260721_202122_GpuCWT_c16384_f116,2026-07-21 20:21:22,44b67ce,GpuCWT,16384,116,323,init:audio,58.2021,23.5431,42.8051,109.9758,,
20260721_202122_GpuCWT_c16384_f116,2026-07-21 20:21:22,44b67ce,GpuCWT,16384,116,323,init:audio_player,58.0219,23.5441,42.6436,109.8129,,
20260721_202122_GpuCWT_c16384_f116,2026-07-21 20:21:22,44b67ce,GpuCWT,16384,116,323,init:audio_reader,0.1531,0.0192,0.1348,0.1981,,
20260721_202122_GpuCWT_c16384_f116,2026-07-21 20:21:22,44b67ce,GpuCWT,16384,116,323,init:cuda,276.6179,2.527,271.607,281.0812,,
20260721_202122_GpuCWT_c16384_f116,2026-07-21 20:21:22,44b67ce,GpuCWT,16384,116,323,init:dsp,346.4991,11.2764,332.0403,367.6645,,
20260721_202122_GpuCWT_c16384_f116,2026-07-21 20:21:22,44b67ce,GpuCWT,16384,116,323,init:dsp_fft,147.6705,1.5592,144.2324,149.8499,,
20260721_202122_GpuCWT_c16384_f116,2026-07-21 20:21:22,44b67ce,GpuCWT,16384,116,323,init:dsp_kernels,89.8638,1.5601,87.3076,92.4338,,
20260721_202122_GpuCWT_c16384_f116,2026-07-21 20:21:22,44b67ce,GpuCWT,16384,116,323,init:dsp_upload,108.7393,10.9712,95.01,126.3297,,
20260721_202122_GpuCWT_c16384_f116,2026-07-21 20:21:22,44b67ce,GpuCWT,16384,116,323,init:other,27.5948,0.427,26.8573,28.3239,,
20260721_202122_GpuCWT_c16384_f116,2026-07-21 20:21:22,44b67ce,GpuCWT,16384,116,323,init:prescan,133.977,6.1566,126.3684,148.9757,,
20260721_202122_GpuCWT_c16384_f116,2026-07-21 20:21:22,44b67ce,GpuCWT,16384,116,323,init:prime,14.7655,0.5623,14.0484,16.1773,,
20260721_202122_GpuCWT_c16384_f116,2026-07-21 20:21:22,44b67ce,GpuCWT,16384,116,323,init:render_buffer,0.0739,0.0209,0.0599,0.124,,
20260721_202122_GpuCWT_c16384_f116,2026-07-21 20:21:22,44b67ce,GpuCWT,16384,116,323,init:render_glcontext,435.6275,127.1247,51.8218,555.2409,,
20260721_202122_GpuCWT_c16384_f116,2026-07-21 20:21:22,44b67ce,GpuCWT,16384,116,323,init:render_shader,5.2291,1.2752,3.1334,7.1274,,
20260721_202122_GpuCWT_c16384_f116,2026-07-21 20:21:22,44b67ce,GpuCWT,16384,116,323,init:renderer,440.9601,126.9742,59.0445,561.7632,,
20260721_202122_GpuCWT_c16384_f116,2026-07-21 20:21:22,44b67ce,GpuCWT,16384,116,323,TOTAL,81.2682,28.2478,9.4499,128.9905,100.0,2.286
20260825_212910_GpuCWT_c16384_f116,2026-08-25 21:29:10,56c9f42,GpuCWT,16384,116,323,wait:next_chunk,108.471,24.5767,97.4604,176.0943,,
20260825_212910_GpuCWT_c16384_f116,2026-08-25 21:29:10,56c9f42,GpuCWT,16384,116,323,audio_read,0.155,0.0227,0.1249,0.2707,0.2,
20260825_212910_GpuCWT_c16384_f116,2026-08-25 21:29:10,56c9f42,GpuCWT,16384,116,323,fft_cpu,1.212,0.0921,1.113,1.6228,1.57,
20260825_212910_GpuCWT_c16384_f116,2026-08-25 21:29:10,56c9f42,GpuCWT,16384,116,323,upload,0.5953,0.1596,0.249,1.9782,0.77,
20260825_212910_GpuCWT_c16384_f116,2026-08-25 21:29:10,56c9f42,GpuCWT,16384,116,323,multiply,4.9311,1.6958,0.2559,6.8794,6.4,
20260825_212910_GpuCWT_c16384_f116,2026-08-25 21:29:10,56c9f42,GpuCWT,16384,116,323,ifft,56.325,19.8285,2.3146,64.38,73.11,
20260825_212910_GpuCWT_c16384_f116,2026-08-25 21:29:10,56c9f42,GpuCWT,16384,116,323,download,9.65,2.9857,1.3416,11.3563,12.53,
20260825_212910_GpuCWT_c16384_f116,2026-08-25 21:29:10,56c9f42,GpuCWT,16384,116,323,magnitude,0.6305,0.068,0.537,1.0828,0.82,
20260825_212910_GpuCWT_c16384_f116,2026-08-25 21:29:10,56c9f42,GpuCWT,16384,116,323,edge_trim,0.0054,0.0018,0.0027,0.0193,0.01,
20260825_212910_GpuCWT_c16384_f116,2026-08-25 21:29:10,56c9f42,GpuCWT,16384,116,323,hop_center,0.0087,0.0018,0.0054,0.0196,0.01,
20260825_212910_GpuCWT_c16384_f116,2026-08-25 21:29:10,56c9f42,GpuCWT,16384,116,323,downsample,0.1278,0.0178,0.1005,0.2707,0.17,
20260825_212910_GpuCWT_c16384_f116,2026-08-25 21:29:10,56c9f42,GpuCWT,16384,116,323,buf_push,0.0981,0.0136,0.0705,0.2126,0.13,
20260825_212910_GpuCWT_c16384_f116,2026-08-25 21:29:10,56c9f42,GpuCWT,16384,116,323,tex_upload,0.3049,0.0486,0.2174,0.4806,0.4,
20260825_212910_GpuCWT_c16384_f116,2026-08-25 21:29:10,56c9f42,GpuCWT,16384,116,323,gl_clear,0.1351,0.0346,0.112,0.6865,0.18,
20260825_212910_GpuCWT_c16384_f116,2026-08-25 21:29:10,56c9f42,GpuCWT,16384,116,323,gl_draw,0.0575,0.0085,0.0502,0.1523,0.07,
20260825_212910_GpuCWT_c16384_f116,2026-08-25 21:29:10,56c9f42,GpuCWT,16384,116,323,gl_swap,2.8003,0.2063,2.4597,5.4241,3.63,
20260825_212910_GpuCWT_c16384_f116,2026-08-25 21:29:10,56c9f42,GpuCWT,16384,116,323,init:audio,73.7482,19.9654,30.1352,91.4699,,
20260825_212910_GpuCWT_c16384_f116,2026-08-25 21:29:10,56c9f42,GpuCWT,16384,116,323,init:audio_player,73.5872,19.9628,29.9726,91.3209,,
20260825_212910_GpuCWT_c16384_f116,2026-08-25 21:29:10,56c9f42,GpuCWT,16384,116,323,init:audio_reader,0.1409,0.0084,0.1316,0.1649,,
20260825_212910_GpuCWT_c16384_f116,2026-08-25 21:29:10,56c9f42,GpuCWT,16384,116,323,init:cuda,277.555,3.7211,271.2303,284.2237,,
20260825_212910_GpuCWT_c16384_f116,2026-08-25 21:29:10,56c9f42,GpuCWT,16384,116,323,init:dsp,345.522,13.6681,328.5719,376.772,,
20260825_212910_GpuCWT_c16384_f116,2026-08-25 21:29:10,56c9f42,GpuCWT,16384,116,323,init:dsp_fft,147.9606,4.6715,143.9948,160.0821,,
20260825_212910_GpuCWT_c16384_f116,2026-08-25 21:29:10,56c9f42,GpuCWT,16384,116,323,init:dsp_kernels,89.7687,1.2228,87.8328,92.421,,
20260825_212910_GpuCWT_c16384_f116,2026-08-25 21:29:10,56c9f42,GpuCWT,16384,116,323,init:dsp_upload,107.5799,11.8354,93.1835,139.5856,,
20260825_212910_GpuCWT_c16384_f116,2026-08-25 21:29:10,56c9f42,GpuCWT,16384,116,323,init:other,27.907,0.6995,26.9587,29.4441,,
20260825_212910_GpuCWT_c16384_f116,2026-08-25 21:29:10,56c9f42,GpuCWT,16384,116,323,init:prescan,134.1509,5.3815,127.5651,143.3505,,
20260825_212910_GpuCWT_c16384_f116,2026-08-25 21:29:10,56c9f42,GpuCWT,16384,116,323,init:prime,14.4156,0.4762,13.9671,15.7737,,
20260825_212910_GpuCWT_c16384_f116,2026-08-25 21:29:10,56c9f42,GpuCWT,16384,116,323,init:render_buffer,0.0934,0.0309,0.0708,0.1809,,
20260825_212910_GpuCWT_c16384_f116,2026-08-25 21:29:10,56c9f42,GpuCWT,16384,116,323,init:render_glcontext,55.0377,5.0744,50.4593,69.5133,,
20260825_212910_GpuCWT_c16384_f116,2026-08-25 21:29:10,56c9f42,GpuCWT,16384,116,323,init:render_shader,5.498,1.2708,3.5856,7.6952,,
20260825_212910_GpuCWT_c16384_f116,2026-08-25 21:29:10,56c9f42,GpuCWT,16384,116,323,init:renderer,60.6611,6.0978,54.6435,77.4187,,
20260825_212910_GpuCWT_c16384_f116,2026-08-25 21:29:10,56c9f42,GpuCWT,16384,116,323,TOTAL,77.0368,24.5733,9.429,88.0697,100.0,2.411
20260825_213436_GpuCWT_c16384_f116,2026-08-25 21:34:36,56c9f42,GpuCWT,16384,116,323,wait:next_chunk,148.8082,10.553,143.8855,178.6971,,
20260825_213436_GpuCWT_c16384_f116,2026-08-25 21:34:36,56c9f42,GpuCWT,16384,116,323,audio_read,0.1574,0.0226,0.1212,0.2971,0.43,
20260825_213436_GpuCWT_c16384_f116,2026-08-25 21:34:36,56c9f42,GpuCWT,16384,116,323,fft_cpu,0.269,0.0537,0.2335,0.4609,0.73,
20260825_213436_GpuCWT_c16384_f116,2026-08-25 21:34:36,56c9f42,GpuCWT,16384,116,323,upload,0.5851,0.1423,0.2493,1.4388,1.59,
20260825_213436_GpuCWT_c16384_f116,2026-08-25 21:34:36,56c9f42,GpuCWT,16384,116,323,multiply,4.9701,1.6837,0.2511,6.1412,13.54,
20260825_213436_GpuCWT_c16384_f116,2026-08-25 21:34:36,56c9f42,GpuCWT,16384,116,323,ifft,16.8846,5.8752,0.6727,19.2474,46.0,
20260825_213436_GpuCWT_c16384_f116,2026-08-25 21:34:36,56c9f42,GpuCWT,16384,116,323,download,9.6718,2.9264,1.3336,11.0031,26.35,
20260825_213436_GpuCWT_c16384_f116,2026-08-25 21:34:36,56c9f42,GpuCWT,16384,116,323,magnitude,0.6098,0.0594,0.5319,1.1157,1.66,
20260825_213436_GpuCWT_c16384_f116,2026-08-25 21:34:36,56c9f42,GpuCWT,16384,116,323,edge_trim,0.0044,0.0011,0.0024,0.0142,0.01,
20260825_213436_GpuCWT_c16384_f116,2026-08-25 21:34:36,56c9f42,GpuCWT,16384,116,323,hop_center,0.0078,0.0019,0.0054,0.0219,0.02,
20260825_213436_GpuCWT_c16384_f116,2026-08-25 21:34:36,56c9f42,GpuCWT,16384,116,323,downsample,0.1136,0.0144,0.0952,0.2497,0.31,
20260825_213436_GpuCWT_c16384_f116,2026-08-25 21:34:36,56c9f42,GpuCWT,16384,116,323,buf_push,0.0919,0.0129,0.0674,0.2306,0.25,
20260825_213436_GpuCWT_c16384_f116,2026-08-25 21:34:36,56c9f42,GpuCWT,16384,116,323,tex_upload,0.3131,0.033,0.2442,0.6645,0.85,
20260825_213436_GpuCWT_c16384_f116,2026-08-25 21:34:36,56c9f42,GpuCWT,16384,116,323,gl_clear,0.134,0.0256,0.1113,0.4984,0.37,
20260825_213436_GpuCWT_c16384_f116,2026-08-25 21:34:36,56c9f42,GpuCWT,16384,116,323,gl_draw,0.0538,0.0049,0.0487,0.0784,0.15,
20260825_213436_GpuCWT_c16384_f116,2026-08-25 21:34:36,56c9f42,GpuCWT,16384,116,323,gl_swap,2.8354,0.1923,2.528,5.367,7.73,
20260825_213436_GpuCWT_c16384_f116,2026-08-25 21:34:36,56c9f42,GpuCWT,16384,116,323,init:audio,64.0091,26.9528,29.5364,91.8301,,
20260825_213436_GpuCWT_c16384_f116,2026-08-25 21:34:36,56c9f42,GpuCWT,16384,116,323,init:audio_player,63.8481,26.9522,29.3621,91.6771,,
20260825_213436_GpuCWT_c16384_f116,2026-08-25 21:34:36,56c9f42,GpuCWT,16384,116,323,init:audio_reader,0.1432,0.0131,0.1312,0.1739,,
20260825_213436_GpuCWT_c16384_f116,2026-08-25 21:34:36,56c9f42,GpuCWT,16384,116,323,init:cuda,269.8654,15.4598,221.1197,283.1326,,
20260825_213436_GpuCWT_c16384_f116,2026-08-25 21:34:36,56c9f42,GpuCWT,16384,116,323,init:dsp,217.8906,11.2207,204.3163,234.9962,,
20260825_213436_GpuCWT_c16384_f116,2026-08-25 21:34:36,56c9f42,GpuCWT,16384,116,323,init:dsp_fft,20.0512,0.3736,19.6025,20.8469,,
20260825_213436_GpuCWT_c16384_f116,2026-08-25 21:34:36,56c9f42,GpuCWT,16384,116,323,init:dsp_kernels,93.5879,7.4995,86.4185,106.3443,,
20260825_213436_GpuCWT_c16384_f116,2026-08-25 21:34:36,56c9f42,GpuCWT,16384,116,323,init:dsp_upload,104.0448,7.0958,97.3508,120.4287,,
20260825_213436_GpuCWT_c16384_f116,2026-08-25 21:34:36,56c9f42,GpuCWT,16384,116,323,init:other,28.4461,1.3604,26.391,31.4069,,
20260825_213436_GpuCWT_c16384_f116,2026-08-25 21:34:36,56c9f42,GpuCWT,16384,116,323,init:prescan,101.0048,5.1214,92.1583,110.7564,,
20260825_213436_GpuCWT_c16384_f116,2026-08-25 21:34:36,56c9f42,GpuCWT,16384,116,323,init:prime,11.8297,0.5487,11.2471,13.0798,,
20260825_213436_GpuCWT_c16384_f116,2026-08-25 21:34:36,56c9f42,GpuCWT,16384,116,323,init:render_buffer,0.1562,0.08,0.0654,0.3049,,
20260825_213436_GpuCWT_c16384_f116,2026-08-25 21:34:36,56c9f42,GpuCWT,16384,116,323,init:render_glcontext,63.1034,9.665,50.4762,76.359,,
20260825_213436_GpuCWT_c16384_f116,2026-08-25 21:34:36,56c9f42,GpuCWT,16384,116,323,init:render_shader,4.9231,1.8287,3.2879,7.5771,,
20260825_213436_GpuCWT_c16384_f116,2026-08-25 21:34:36,56c9f42,GpuCWT,16384,116,323,init:renderer,68.2135,10.5402,54.3786,83.7163,,
20260825_213436_GpuCWT_c16384_f116,2026-08-25 21:34:36,56c9f42,GpuCWT,16384,116,323,TOTAL,36.702,10.5509,6.8199,41.6427,100.0,5.061
20260825_221454_GpuCWT_c16384_f116,2026-08-25 22:14:54,56c9f42,GpuCWT,16384,116,323,wait:next_chunk,148.556,10.4438,143.8139,178.6801,,
20260825_221454_GpuCWT_c16384_f116,2026-08-25 22:14:54,56c9f42,GpuCWT,16384,116,323,audio_read,0.1579,0.024,0.1239,0.4034,0.43,
20260825_221454_GpuCWT_c16384_f116,2026-08-25 22:14:54,56c9f42,GpuCWT,16384,116,323,fft_cpu,0.2691,0.0473,0.2328,0.4572,0.73,
20260825_221454_GpuCWT_c16384_f116,2026-08-25 22:14:54,56c9f42,GpuCWT,16384,116,323,upload,0.5905,0.1524,0.2466,1.722,1.6,
20260825_221454_GpuCWT_c16384_f116,2026-08-25 22:14:54,56c9f42,GpuCWT,16384,116,323,multiply,4.9864,1.6659,0.2471,5.8659,13.49,
20260825_221454_GpuCWT_c16384_f116,2026-08-25 22:14:54,56c9f42,GpuCWT,16384,116,323,ifft,17.0186,5.7751,0.6751,19.3373,46.06,
20260825_221454_GpuCWT_c16384_f116,2026-08-25 22:14:54,56c9f42,GpuCWT,16384,116,323,download,9.726,2.9247,1.3384,11.0292,26.32,
20260825_221454_GpuCWT_c16384_f116,2026-08-25 22:14:54,56c9f42,GpuCWT,16384,116,323,magnitude,0.6264,0.057,0.5596,1.1131,1.7,
20260825_221454_GpuCWT_c16384_f116,2026-08-25 22:14:54,56c9f42,GpuCWT,16384,116,323,edge_trim,0.0047,0.0016,0.0023,0.0173,0.01,
20260825_221454_GpuCWT_c16384_f116,2026-08-25 22:14:54,56c9f42,GpuCWT,16384,116,323,hop_center,0.008,0.003,0.0054,0.0406,0.02,
20260825_221454_GpuCWT_c16384_f116,2026-08-25 22:14:54,56c9f42,GpuCWT,16384,116,323,downsample,0.1175,0.0194,0.0937,0.295,0.32,
20260825_221454_GpuCWT_c16384_f116,2026-08-25 22:14:54,56c9f42,GpuCWT,16384,116,323,buf_push,0.0945,0.0141,0.0644,0.2148,0.26,
20260825_221454_GpuCWT_c16384_f116,2026-08-25 22:14:54,56c9f42,GpuCWT,16384,116,323,tex_upload,0.3157,0.0471,0.2312,0.5253,0.85,
20260825_221454_GpuCWT_c16384_f116,2026-08-25 22:14:54,56c9f42,GpuCWT,16384,116,323,gl_clear,0.1374,0.0267,0.1151,0.5352,0.37,
20260825_221454_GpuCWT_c16384_f116,2026-08-25 22:14:54,56c9f42,GpuCWT,16384,116,323,gl_draw,0.056,0.0068,0.0494,0.0987,0.15,
20260825_221454_GpuCWT_c16384_f116,2026-08-25 22:14:54,56c9f42,GpuCWT,16384,116,323,gl_swap,2.8432,0.1966,2.493,5.2095,7.69,
20260825_221454_GpuCWT_c16384_f116,2026-08-25 22:14:54,56c9f42,GpuCWT,16384,116,323,init:audio,58.6311,31.0433,28.2452,124.3526,,
20260825_221454_GpuCWT_c16384_f116,2026-08-25 22:14:54,56c9f42,GpuCWT,16384,116,323,init:audio_player,58.3067,30.7122,28.0997,122.3031,,
20260825_221454_GpuCWT_c16384_f116,2026-08-25 22:14:54,56c9f42,GpuCWT,16384,116,323,init:audio_reader,0.3045,0.52,0.1286,2.0278,,
20260825_221454_GpuCWT_c16384_f116,2026-08-25 22:14:54,56c9f42,GpuCWT,16384,116,323,init:cuda,281.0761,4.6287,274.0737,289.4439,,
20260825_221454_GpuCWT_c16384_f116,2026-08-25 22:14:54,56c9f42,GpuCWT,16384,116,323,init:dsp,221.2829,14.011,203.7877,243.7745,,
20260825_221454_GpuCWT_c16384_f116,2026-08-25 22:14:54,56c9f42,GpuCWT,16384,116,323,init:dsp_fft,22.1768,3.3372,19.8731,28.2128,,
20260825_221454_GpuCWT_c16384_f116,2026-08-25 22:14:54,56c9f42,GpuCWT,16384,116,323,init:dsp_kernels,94.7087,6.184,87.6468,104.7791,,
20260825_221454_GpuCWT_c16384_f116,2026-08-25 22:14:54,56c9f42,GpuCWT,16384,116,323,init:dsp_upload,104.1938,9.5261,94.0867,131.2069,,
20260825_221454_GpuCWT_c16384_f116,2026-08-25 22:14:54,56c9f42,GpuCWT,16384,116,323,init:other,29.5733,4.3421,26.8026,43.6232,,
20260825_221454_GpuCWT_c16384_f116,2026-08-25 22:14:54,56c9f42,GpuCWT,16384,116,323,init:prescan,103.3572,6.9284,97.5203,122.7297,,
20260825_221454_GpuCWT_c16384_f116,2026-08-25 22:14:54,56c9f42,GpuCWT,16384,116,323,init:prime,14.4584,8.4703,11.1851,42.4932,,
20260825_221454_GpuCWT_c16384_f116,2026-08-25 22:14:54,56c9f42,GpuCWT,16384,116,323,init:render_buffer,0.1626,0.0947,0.0684,0.3278,,
20260825_221454_GpuCWT_c16384_f116,2026-08-25 22:14:54,56c9f42,GpuCWT,16384,116,323,init:render_glcontext,80.0366,50.7617,51.2258,244.9821,,
20260825_221454_GpuCWT_c16384_f116,2026-08-25 22:14:54,56c9f42,GpuCWT,16384,116,323,init:render_shader,5.6713,2.5045,3.1797,10.9799,,
20260825_221454_GpuCWT_c16384_f116,2026-08-25 22:14:54,56c9f42,GpuCWT,16384,116,323,init:renderer,85.9037,52.6655,54.8262,256.0724,,
20260825_221454_GpuCWT_c16384_f116,2026-08-25 22:14:54,56c9f42,GpuCWT,16384,116,323,TOTAL,36.9518,10.4403,6.8477,41.6606,100.0,5.027
20260825_221713_GpuCWT_c16384_f116,2026-08-25 22:17:13,56c9f42,GpuCWT,16384,116,323,wait:next_chunk,177.5804,0.5678,172.0646,178.611,,
20260825_221713_GpuCWT_c16384_f116,2026-08-25 22:17:13,56c9f42,GpuCWT,16384,116,323,audio_read,0.162,0.0235,0.1191,0.2758,2.05,
20260825_221713_GpuCWT_c16384_f116,2026-08-25 22:17:13,56c9f42,GpuCWT,16384,116,323,fft_cpu,0.278,0.0599,0.2328,0.4848,3.51,
20260825_221713_GpuCWT_c16384_f116,2026-08-25 22:17:13,56c9f42,GpuCWT,16384,116,323,upload,0.2956,0.0669,0.2442,1.2743,3.73,
20260825_221713_GpuCWT_c16384_f116,2026-08-25 22:17:13,56c9f42,GpuCWT,16384,116,323,multiply,0.3992,0.0567,0.2596,1.0318,5.04,
20260825_221713_GpuCWT_c16384_f116,2026-08-25 22:17:13,56c9f42,GpuCWT,16384,116,323,ifft,1.0589,0.127,0.6757,1.4887,13.38,
20260825_221713_GpuCWT_c16384_f116,2026-08-25 22:17:13,56c9f42,GpuCWT,16384,116,323,download,1.5593,0.2477,1.3369,2.2239,19.7,
20260825_221713_GpuCWT_c16384_f116,2026-08-25 22:17:13,56c9f42,GpuCWT,16384,116,323,magnitude,0.6113,0.0611,0.5326,1.2618,7.72,
20260825_221713_GpuCWT_c16384_f116,2026-08-25 22:17:13,56c9f42,GpuCWT,16384,116,323,edge_trim,0.0031,0.002,0.0018,0.038,0.04,
20260825_221713_GpuCWT_c16384_f116,2026-08-25 22:17:13,56c9f42,GpuCWT,16384,116,323,hop_center,0.0059,0.0007,0.0047,0.0097,0.07,
20260825_221713_GpuCWT_c16384_f116,2026-08-25 22:17:13,56c9f42,GpuCWT,16384,116,323,downsample,0.1024,0.0127,0.0892,0.2387,1.29,
20260825_221713_GpuCWT_c16384_f116,2026-08-25 22:17:13,56c9f42,GpuCWT,16384,116,323,buf_push,0.0961,0.0086,0.0803,0.1343,1.21,
20260825_221713_GpuCWT_c16384_f116,2026-08-25 22:17:13,56c9f42,GpuCWT,16384,116,323,tex_upload,0.3036,0.0264,0.2498,0.486,3.84,
20260825_221713_GpuCWT_c16384_f116,2026-08-25 22:17:13,56c9f42,GpuCWT,16384,116,323,gl_clear,0.1376,0.034,0.1177,0.6298,1.74,
20260825_221713_GpuCWT_c16384_f116,2026-08-25 22:17:13,56c9f42,GpuCWT,16384,116,323,gl_draw,0.0541,0.0085,0.0471,0.1145,0.68,
20260825_221713_GpuCWT_c16384_f116,2026-08-25 22:17:13,56c9f42,GpuCWT,16384,116,323,gl_swap,2.8473,0.184,2.5702,5.1542,35.98,
20260825_221713_GpuCWT_c16384_f116,2026-08-25 22:17:13,56c9f42,GpuCWT,16384,116,323,init:audio,65.702,24.2021,29.4417,90.0108,,
20260825_221713_GpuCWT_c16384_f116,2026-08-25 22:17:13,56c9f42,GpuCWT,16384,116,323,init:audio_player,65.5489,24.2035,29.293,89.8579,,
20260825_221713_GpuCWT_c16384_f116,2026-08-25 22:17:13,56c9f42,GpuCWT,16384,116,323,init:audio_reader,0.1329,0.0021,0.1292,0.1353,,
20260825_221713_GpuCWT_c16384_f116,2026-08-25 22:17:13,56c9f42,GpuCWT,16384,116,323,init:cuda,271.2493,7.864,245.7366,276.8845,,
20260825_221713_GpuCWT_c16384_f116,2026-08-25 22:17:13,56c9f42,GpuCWT,16384,116,323,init:dsp,209.2153,6.7954,194.8809,218.2047,,
20260825_221713_GpuCWT_c16384_f116,2026-08-25 22:17:13,56c9f42,GpuCWT,16384,116,323,init:dsp_fft,21.4775,2.7523,19.8588,28.2494,,
20260825_221713_GpuCWT_c16384_f116,2026-08-25 22:17:13,56c9f42,GpuCWT,16384,116,323,init:dsp_kernels,89.9392,1.5446,88.094,94.2068,,
20260825_221713_GpuCWT_c16384_f116,2026-08-25 22:17:13,56c9f42,GpuCWT,16384,116,323,init:dsp_upload,97.5931,7.1312,81.098,108.2472,,
20260825_221713_GpuCWT_c16384_f116,2026-08-25 22:17:13,56c9f42,GpuCWT,16384,116,323,init:other,27.1826,0.2878,26.7382,27.6924,,
20260825_221713_GpuCWT_c16384_f116,2026-08-25 22:17:13,56c9f42,GpuCWT,16384,116,323,init:prescan,99.3677,4.2737,94.514,106.1678,,
20260825_221713_GpuCWT_c16384_f116,2026-08-25 22:17:13,56c9f42,GpuCWT,16384,116,323,init:prime,11.4764,0.2676,11.1589,12.0293,,
20260825_221713_GpuCWT_c16384_f116,2026-08-25 22:17:13,56c9f42,GpuCWT,16384,116,323,init:render_buffer,0.0782,0.0129,0.0693,0.109,,
20260825_221713_GpuCWT_c16384_f116,2026-08-25 22:17:13,56c9f42,GpuCWT,16384,116,323,init:render_glcontext,52.7264,1.9811,50.696,57.8062,,
20260825_221713_GpuCWT_c16384_f116,2026-08-25 22:17:13,56c9f42,GpuCWT,16384,116,323,init:render_shader,3.4106,0.1035,3.2637,3.6192,,
20260825_221713_GpuCWT_c16384_f116,2026-08-25 22:17:13,56c9f42,GpuCWT,16384,116,323,init:renderer,56.2437,1.9813,54.1608,61.2853,,
20260825_221713_GpuCWT_c16384_f116,2026-08-25 22:17:13,56c9f42,GpuCWT,16384,116,323,TOTAL,7.9144,0.5137,6.9403,13.621,100.0,23.471
20260827_004123_GpuCWT_c16384_f116,2026-08-27 00:41:23,56c9f42,GpuCWT,16384,116,323,wait:next_chunk,177.5918,0.5194,171.636,178.6343,,
20260827_004123_GpuCWT_c16384_f116,2026-08-27 00:41:23,56c9f42,GpuCWT,16384,116,323,audio_read,0.1622,0.0221,0.1429,0.2622,2.06,
20260827_004123_GpuCWT_c16384_f116,2026-08-27 00:41:23,56c9f42,GpuCWT,16384,116,323,fft_cpu,0.2623,0.0472,0.2284,0.4891,3.34,
20260827_004123_GpuCWT_c16384_f116,2026-08-27 00:41:23,56c9f42,GpuCWT,16384,116,323,upload,0.2866,0.09,0.2428,1.7408,3.65,
20260827_004123_GpuCWT_c16384_f116,2026-08-27 00:41:23,56c9f42,GpuCWT,16384,116,323,multiply,0.3796,0.0528,0.2515,1.0112,4.83,
20260827_004123_GpuCWT_c16384_f116,2026-08-27 00:41:23,56c9f42,GpuCWT,16384,116,323,ifft,1.0647,0.1206,0.673,1.4458,13.54,
20260827_004123_GpuCWT_c16384_f116,2026-08-27 00:41:23,56c9f42,GpuCWT,16384,116,323,download,1.5073,0.2121,1.3275,2.2004,19.17,
20260827_004123_GpuCWT_c16384_f116,2026-08-27 00:41:23,56c9f42,GpuCWT,16384,116,323,magnitude,0.6178,0.0686,0.5415,1.2462,7.86,
20260827_004123_GpuCWT_c16384_f116,2026-08-27 00:41:23,56c9f42,GpuCWT,16384,116,323,edge_trim,0.0034,0.0008,0.0019,0.0096,0.04,
20260827_004123_GpuCWT_c16384_f116,2026-08-27 00:41:23,56c9f42,GpuCWT,16384,116,323,hop_center,0.0059,0.0014,0.0045,0.0195,0.07,
20260827_004123_GpuCWT_c16384_f116,2026-08-27 00:41:23,56c9f42,GpuCWT,16384,116,323,downsample,0.1113,0.0164,0.0919,0.2652,1.42,
20260827_004123_GpuCWT_c16384_f116,2026-08-27 00:41:23,56c9f42,GpuCWT,16384,116,323,buf_push,0.1031,0.0131,0.0734,0.1767,1.31,
20260827_004123_GpuCWT_c16384_f116,2026-08-27 00:41:23,56c9f42,GpuCWT,16384,116,323,tex_upload,0.3061,0.0371,0.2395,0.5391,3.89,
20260827_004123_GpuCWT_c16384_f116,2026-08-27 00:41:23,56c9f42,GpuCWT,16384,116,323,gl_clear,0.1371,0.0346,0.1097,0.6886,1.74,
20260827_004123_GpuCWT_c16384_f116,2026-08-27 00:41:23,56c9f42,GpuCWT,16384,116,323,gl_draw,0.0546,0.0063,0.0479,0.0881,0.69,
20260827_004123_GpuCWT_c16384_f116,2026-08-27 00:41:23,56c9f42,GpuCWT,16384,116,323,gl_swap,2.859,0.1817,2.5019,4.8916,36.37,
20260827_004123_GpuCWT_c16384_f116,2026-08-27 00:41:23,56c9f42,GpuCWT,16384,116,323,init:audio,68.7354,26.561,28.6644,122.6671,,
20260827_004123_GpuCWT_c16384_f116,2026-08-27 00:41:23,56c9f42,GpuCWT,16384,116,323,init:audio_player,68.41,26.2339,28.5048,120.5664,,
20260827_004123_GpuCWT_c16384_f116,2026-08-27 00:41:23,56c9f42,GpuCWT,16384,116,323,init:audio_reader,0.3033,0.5364,0.1337,2.082,,
20260827_004123_GpuCWT_c16384_f116,2026-08-27 00:41:23,56c9f42,GpuCWT,16384,116,323,init:cuda,280.1715,3.4253,274.8368,287.128,,
20260827_004123_GpuCWT_c16384_f116,2026-08-27 00:41:23,56c9f42,GpuCWT,16384,116,323,init:dsp,224.8771,17.136,207.0808,272.5611,,
20260827_004123_GpuCWT_c16384_f116,2026-08-27 00:41:23,56c9f42,GpuCWT,16384,116,323,init:dsp_fft,22.2549,3.522,19.6527,28.8892,,
20260827_004123_GpuCWT_c16384_f116,2026-08-27 00:41:23,56c9f42,GpuCWT,16384,116,323,init:dsp_kernels,93.9407,8.394,87.6677,120.4042,,
20260827_004123_GpuCWT_c16384_f116,2026-08-27 00:41:23,56c9f42,GpuCWT,16384,116,323,init:dsp_upload,108.4729,7.262,98.4575,123.6908,,
20260827_004123_GpuCWT_c16384_f116,2026-08-27 00:41:23,56c9f42,GpuCWT,16384,116,323,init:other,29.5494,4.9906,26.751,45.7357,,
20260827_004123_GpuCWT_c16384_f116,2026-08-27 00:41:23,56c9f42,GpuCWT,16384,116,323,init:prescan,101.6712,4.091,96.3383,107.3108,,
20260827_004123_GpuCWT_c16384_f116,2026-08-27 00:41:23,56c9f42,GpuCWT,16384,116,323,init:prime,14.5828,8.7937,11.6059,43.7259,,
20260827_004123_GpuCWT_c16384_f116,2026-08-27 00:41:23,56c9f42,GpuCWT,16384,116,323,init:render_buffer,0.1235,0.0765,0.0701,0.3216,,
20260827_004123_GpuCWT_c16384_f116,2026-08-27 00:41:23,56c9f42,GpuCWT,16384,116,323,init:render_glcontext,79.6821,54.0543,52.1084,257.6999,,
20260827_004123_GpuCWT_c16384_f116,2026-08-27 00:41:23,56c9f42,GpuCWT,16384,116,323,init:render_shader,6.6463,2.1659,3.1954,10.81,,
20260827_004123_GpuCWT_c16384_f116,2026-08-27 00:41:23,56c9f42,GpuCWT,16384,116,323,init:renderer,86.4837,55.5437,55.7877,268.7416,,
20260827_004123_GpuCWT_c16384_f116,2026-08-27 00:41:23,56c9f42,GpuCWT,16384,116,323,TOTAL,7.8609,0.5037,6.9233,14.0337,100.0,23.631
20260827_004350_GpuCWT_c16384_f116,2026-08-27 00:43:50,56c9f42,GpuCWT,16384,116,323,wait:next_chunk,177.0343,0.5676,171.3293,177.9727,,
20260827_004350_GpuCWT_c16384_f116,2026-08-27 00:43:50,56c9f42,GpuCWT,16384,116,323,audio_read,0.1565,0.021,0.1217,0.2394,1.86,
20260827_004350_GpuCWT_c16384_f116,2026-08-27 00:43:50,56c9f42,GpuCWT,16384,116,323,fft_cpu,0.264,0.0514,0.2258,0.4495,3.14,
20260827_004350_GpuCWT_c16384_f116,2026-08-27 00:43:50,56c9f42,GpuCWT,16384,116,323,upload,0.2902,0.0704,0.2326,1.3218,3.45,
20260827_004350_GpuCWT_c16384_f116,2026-08-27 00:43:50,56c9f42,GpuCWT,16384,116,323,multiply,0.3763,0.0557,0.2468,1.0941,4.47,
20260827_004350_GpuCWT_c16384_f116,2026-08-27 00:43:50,56c9f42,GpuCWT,16384,116,323,ifft,1.0657,0.1251,0.6733,1.6057,12.66,
20260827_004350_GpuCWT_c16384_f116,2026-08-27 00:43:50,56c9f42,GpuCWT,16384,116,323,download,1.5432,0.2719,1.3404,4.1115,18.34,
20260827_004350_GpuCWT_c16384_f116,2026-08-27 00:43:50,56c9f42,GpuCWT,16384,116,323,magnitude,0.6265,0.1542,0.5449,3.1639,7.44,
20260827_004350_GpuCWT_c16384_f116,2026-08-27 00:43:50,56c9f42,GpuCWT,16384,116,323,edge_trim,0.0037,0.0013,0.0022,0.0207,0.04,
20260827_004350_GpuCWT_c16384_f116,2026-08-27 00:43:50,56c9f42,GpuCWT,16384,116,323,hop_center,0.0062,0.0013,0.0047,0.0207,0.07,
20260827_004350_GpuCWT_c16384_f116,2026-08-27 00:43:50,56c9f42,GpuCWT,16384,116,323,downsample,0.6428,0.084,0.5208,1.1052,7.64,
20260827_004350_GpuCWT_c16384_f116,2026-08-27 00:43:50,56c9f42,GpuCWT,16384,116,323,buf_push,0.0923,0.0119,0.0627,0.1581,1.1,
20260827_004350_GpuCWT_c16384_f116,2026-08-27 00:43:50,56c9f42,GpuCWT,16384,116,323,tex_upload,0.3156,0.0439,0.2271,0.5156,3.75,
20260827_004350_GpuCWT_c16384_f116,2026-08-27 00:43:50,56c9f42,GpuCWT,16384,116,323,gl_clear,0.1378,0.0261,0.1131,0.5237,1.64,
20260827_004350_GpuCWT_c16384_f116,2026-08-27 00:43:50,56c9f42,GpuCWT,16384,116,323,gl_draw,0.0544,0.0071,0.0474,0.108,0.65,
20260827_004350_GpuCWT_c16384_f116,2026-08-27 00:43:50,56c9f42,GpuCWT,16384,116,323,gl_swap,2.8413,0.1991,2.4635,5.0002,33.76,
20260827_004350_GpuCWT_c16384_f116,2026-08-27 00:43:50,56c9f42,GpuCWT,16384,116,323,init:audio,66.1619,24.9936,29.0018,91.0014,,
20260827_004350_GpuCWT_c16384_f116,2026-08-27 00:43:50,56c9f42,GpuCWT,16384,116,323,init:audio_player,65.9851,24.9964,28.8124,90.8376,,
20260827_004350_GpuCWT_c16384_f116,2026-08-27 00:43:50,56c9f42,GpuCWT,16384,116,323,init:audio_reader,0.158,0.0324,0.1355,0.2546,,
20260827_004350_GpuCWT_c16384_f116,2026-08-27 00:43:50,56c9f42,GpuCWT,16384,116,323,init:cuda,282.5934,5.2553,275.3828,296.4815,,
20260827_004350_GpuCWT_c16384_f116,2026-08-27 00:43:50,56c9f42,GpuCWT,16384,116,323,init:dsp,217.5301,8.6895,205.0719,235.0643,,
20260827_004350_GpuCWT_c16384_f116,2026-08-27 00:43:50,56c9f42,GpuCWT,16384,116,323,init:dsp_fft,21.532,3.0522,19.7073,28.575,,
20260827_004350_GpuCWT_c16384_f116,2026-08-27 00:43:50,56c9f42,GpuCWT,16384,116,323,init:dsp_kernels,92.4764,5.1078,87.4248,103.1184,,
20260827_004350_GpuCWT_c16384_f116,2026-08-27 00:43:50,56c9f42,GpuCWT,16384,116,323,init:dsp_upload,103.2954,6.5834,90.7136,113.8188,,
20260827_004350_GpuCWT_c16384_f116,2026-08-27 00:43:50,56c9f42,GpuCWT,16384,116,323,init:other,28.7551,1.2156,26.8908,30.5223,,
20260827_004350_GpuCWT_c16384_f116,2026-08-27 00:43:50,56c9f42,GpuCWT,16384,116,323,init:prescan,106.2241,7.118,99.443,125.6084,,
20260827_004350_GpuCWT_c16384_f116,2026-08-27 00:43:50,56c9f42,GpuCWT,16384,116,323,init:prime,12.3457,0.4991,11.7193,13.2186,,
20260827_004350_GpuCWT_c16384_f116,2026-08-27 00:43:50,56c9f42,GpuCWT,16384,116,323,init:render_buffer,0.1334,0.0524,0.0661,0.1911,,
20260827_004350_GpuCWT_c16384_f116,2026-08-27 00:43:50,56c9f42,GpuCWT,16384,116,323,init:render_glcontext,63.0521,10.6339,50.9374,76.907,,
20260827_004350_GpuCWT_c16384_f116,2026-08-27 00:43:50,56c9f42,GpuCWT,16384,116,323,init:render_shader,5.4327,1.7553,3.2681,7.8372,,
20260827_004350_GpuCWT_c16384_f116,2026-08-27 00:43:50,56c9f42,GpuCWT,16384,116,323,init:renderer,68.6498,11.5758,54.923,84.9687,,
20260827_004350_GpuCWT_c16384_f116,2026-08-27 00:43:50,56c9f42,GpuCWT,16384,116,323,TOTAL,8.4165,0.5619,7.5363,14.3506,100.0,22.071
20260828_213901_GpuCWT_c16384_f116,2026-08-28 21:39:01,16177fd,GpuCWT,16384,116,323,wait:next_chunk,179.6956,0.4124,174.8559,180.5518,,
20260828_213901_GpuCWT_c16384_f116,2026-08-28 21:39:01,16177fd,GpuCWT,16384,116,323,audio_read,0.1608,0.022,0.1288,0.2801,2.77,
20260828_213901_GpuCWT_c16384_f116,2026-08-28 21:39:01,16177fd,GpuCWT,16384,116,323,fft_cpu,0.26,0.0447,0.2326,0.4484,4.47,
20260828_213901_GpuCWT_c16384_f116,2026-08-28 21:39:01,16177fd,GpuCWT,16384,116,323,upload,0.284,0.0655,0.2435,1.2842,4.89,
20260828_213901_GpuCWT_c16384_f116,2026-08-28 21:39:01,16177fd,GpuCWT,16384,116,323,multiply,0.3437,0.0462,0.2264,0.96,5.92,
20260828_213901_GpuCWT_c16384_f116,2026-08-28 21:39:01,16177fd,GpuCWT,16384,116,323,ifft,1.0716,0.1083,0.6764,1.4247,18.45,
20260828_213901_GpuCWT_c16384_f116,2026-08-28 21:39:01,16177fd,GpuCWT,16384,116,323,download,0.0652,0.0233,0.0443,0.1974,1.12,
20260828_213901_GpuCWT_c16384_f116,2026-08-28 21:39:01,16177fd,GpuCWT,16384,116,323,magnitude,0.0904,0.0178,0.0617,0.1764,1.56,
20260828_213901_GpuCWT_c16384_f116,2026-08-28 21:39:01,16177fd,GpuCWT,16384,116,323,edge_trim,0.0123,0.0126,0.0074,0.147,0.21,
20260828_213901_GpuCWT_c16384_f116,2026-08-28 21:39:01,16177fd,GpuCWT,16384,116,323,hop_center,0.0081,0.0018,0.0061,0.0261,0.14,
20260828_213901_GpuCWT_c16384_f116,2026-08-28 21:39:01,16177fd,GpuCWT,16384,116,323,downsample,0.1316,0.0255,0.1061,0.224,2.27,
20260828_213901_GpuCWT_c16384_f116,2026-08-28 21:39:01,16177fd,GpuCWT,16384,116,323,buf_push,0.0945,0.0442,0.0687,0.8055,1.63,
20260828_213901_GpuCWT_c16384_f116,2026-08-28 21:39:01,16177fd,GpuCWT,16384,116,323,tex_upload,0.3026,0.0446,0.2384,0.8106,5.21,
20260828_213901_GpuCWT_c16384_f116,2026-08-28 21:39:01,16177fd,GpuCWT,16384,116,323,gl_clear,0.1266,0.0323,0.1017,0.6575,2.18,
20260828_213901_GpuCWT_c16384_f116,2026-08-28 21:39:01,16177fd,GpuCWT,16384,116,323,gl_draw,0.0557,0.0075,0.0483,0.0931,0.96,
20260828_213901_GpuCWT_c16384_f116,2026-08-28 21:39:01,16177fd,GpuCWT,16384,116,323,gl_swap,2.8025,0.2103,2.4324,5.4207,48.24,
20260828_213901_GpuCWT_c16384_f116,2026-08-28 21:39:01,16177fd,GpuCWT,16384,116,323,init:audio,86.3346,14.4096,61.1431,100.9402,,
20260828_213901_GpuCWT_c16384_f116,2026-08-28 21:39:01,16177fd,GpuCWT,16384,116,323,init:audio_player,86.1661,14.4085,60.946,100.7743,,
20260828_213901_GpuCWT_c16384_f116,2026-08-28 21:39:01,16177fd,GpuCWT,16384,116,323,init:audio_reader,0.1491,0.0123,0.1334,0.1758,,
20260828_213901_GpuCWT_c16384_f116,2026-08-28 21:39:01,16177fd,GpuCWT,16384,116,323,init:cuda,279.6941,3.5936,274.8267,286.8028,,
20260828_213901_GpuCWT_c16384_f116,2026-08-28 21:39:01,16177fd,GpuCWT,16384,116,323,init:dsp,222.9872,11.3529,210.4524,245.0501,,
20260828_213901_GpuCWT_c16384_f116,2026-08-28 21:39:01,16177fd,GpuCWT,16384,116,323,init:dsp_fft,20.0662,0.2719,19.7182,20.6107,,
20260828_213901_GpuCWT_c16384_f116,2026-08-28 21:39:01,16177fd,GpuCWT,16384,116,323,init:dsp_kernels,96.6096,7.083,88.7167,108.6675,,
20260828_213901_GpuCWT_c16384_f116,2026-08-28 21:39:01,16177fd,GpuCWT,16384,116,323,init:dsp_upload,106.097,4.9085,99.4703,115.5468,,
20260828_213901_GpuCWT_c16384_f116,2026-08-28 21:39:01,16177fd,GpuCWT,16384,116,323,init:other,28.4528,1.1028,26.9238,29.6533,,
20260828_213901_GpuCWT_c16384_f116,2026-08-28 21:39:01,16177fd,GpuCWT,16384,116,323,init:prescan,72.9703,3.1686,68.7993,79.0493,,
20260828_213901_GpuCWT_c16384_f116,2026-08-28 21:39:01,16177fd,GpuCWT,16384,116,323,init:prime,11.0131,1.4777,9.5863,14.1619,,
20260828_213901_GpuCWT_c16384_f116,2026-08-28 21:39:01,16177fd,GpuCWT,16384,116,323,init:render_buffer,0.1525,0.075,0.0708,0.3293,,
20260828_213901_GpuCWT_c16384_f116,2026-08-28 21:39:01,16177fd,GpuCWT,16384,116,323,init:render_glcontext,650.1953,327.3518,59.0621,1599.4001,,
20260828_213901_GpuCWT_c16384_f116,2026-08-28 21:39:01,16177fd,GpuCWT,16384,116,323,init:render_shader,6.0501,1.6811,3.5544,8.0127,,
20260828_213901_GpuCWT_c16384_f116,2026-08-28 21:39:01,16177fd,GpuCWT,16384,116,323,init:renderer,656.4305,328.3369,62.814,1607.5512,,
20260828_213901_GpuCWT_c16384_f116,2026-08-28 21:39:01,16177fd,GpuCWT,16384,116,323,TOTAL,5.8095,0.4087,4.9622,10.8241,100.0,31.975
20260830_183812_GpuCWT_c16384_f116,2026-08-30 18:38:12,048aa9a,GpuCWT,16384,116,323,wait:next_chunk,179.6317,0.4046,174.6095,180.509,,
20260830_183812_GpuCWT_c16384_f116,2026-08-30 18:38:12,048aa9a,GpuCWT,16384,116,323,audio_read,0.1593,0.0244,0.1193,0.2947,2.72,
20260830_183812_GpuCWT_c16384_f116,2026-08-30 18:38:12,048aa9a,GpuCWT,16384,116,323,fft_cpu,0.2618,0.0477,0.2332,0.5076,4.47,
20260830_183812_GpuCWT_c16384_f116,2026-08-30 18:38:12,048aa9a,GpuCWT,16384,116,323,upload,0.2955,0.0681,0.2407,1.2591,5.04,
20260830_183812_GpuCWT_c16384_f116,2026-08-30 18:38:12,048aa9a,GpuCWT,16384,116,323,multiply,0.3392,0.0516,0.2251,0.9745,5.79,
20260830_183812_GpuCWT_c16384_f116,2026-08-30 18:38:12,048aa9a,GpuCWT,16384,116,323,ifft,1.0642,0.1275,0.6667,1.4286,18.16,
20260830_183812_GpuCWT_c16384_f116,2026-08-30 18:38:12,048aa9a,GpuCWT,16384,116,323,download,0.0703,0.0274,0.0448,0.1808,1.2,
20260830_183812_GpuCWT_c16384_f116,2026-08-30 18:38:12,048aa9a,GpuCWT,16384,116,323,magnitude,0.0926,0.0178,0.0617,0.1477,1.58,
20260830_183812_GpuCWT_c16384_f116,2026-08-30 18:38:12,048aa9a,GpuCWT,16384,116,323,edge_trim,0.0127,0.0116,0.0074,0.0692,0.22,
20260830_183812_GpuCWT_c16384_f116,2026-08-30 18:38:12,048aa9a,GpuCWT,16384,116,323,hop_center,0.008,0.0022,0.0063,0.0352,0.14,
20260830_183812_GpuCWT_c16384_f116,2026-08-30 18:38:12,048aa9a,GpuCWT,16384,116,323,downsample,0.1365,0.0297,0.1055,0.2346,2.33,
20260830_183812_GpuCWT_c16384_f116,2026-08-30 18:38:12,048aa9a,GpuCWT,16384,116,323,buf_push,0.0987,0.0132,0.0712,0.236,1.68,
20260830_183812_GpuCWT_c16384_f116,2026-08-30 18:38:12,048aa9a,GpuCWT,16384,116,323,tex_upload,0.3046,0.0357,0.2462,0.6643,5.2,
20260830_183812_GpuCWT_c16384_f116,2026-08-30 18:38:12,048aa9a,GpuCWT,16384,116,323,gl_clear,0.1302,0.035,0.108,0.6851,2.22,
20260830_183812_GpuCWT_c16384_f116,2026-08-30 18:38:12,048aa9a,GpuCWT,16384,116,323,gl_draw,0.0567,0.0093,0.0495,0.1194,0.97,
20260830_183812_GpuCWT_c16384_f116,2026-08-30 18:38:12,048aa9a,GpuCWT,16384,116,323,gl_swap,2.8305,0.2006,2.5181,5.5072,48.29,
20260830_183812_GpuCWT_c16384_f116,2026-08-30 18:38:12,048aa9a,GpuCWT,16384,116,323,init:audio,77.5564,31.8474,28.9406,146.8573,,
20260830_183812_GpuCWT_c16384_f116,2026-08-30 18:38:12,048aa9a,GpuCWT,16384,116,323,init:audio_player,77.1449,31.4717,28.7777,146.3084,,
20260830_183812_GpuCWT_c16384_f116,2026-08-30 18:38:12,048aa9a,GpuCWT,16384,116,323,init:audio_reader,0.3916,0.7109,0.1346,2.7231,,
20260830_183812_GpuCWT_c16384_f116,2026-08-30 18:38:12,048aa9a,GpuCWT,16384,116,323,init:cuda,276.6651,14.6614,241.2915,288.7978,,
20260830_183812_GpuCWT_c16384_f116,2026-08-30 18:38:12,048aa9a,GpuCWT,16384,116,323,init:dsp,220.7542,17.7973,191.0573,261.2317,,
20260830_183812_GpuCWT_c16384_f116,2026-08-30 18:38:12,048aa9a,GpuCWT,16384,116,323,init:dsp_fft,21.6368,2.6223,19.9252,28.7277,,
20260830_183812_GpuCWT_c16384_f116,2026-08-30 18:38:12,048aa9a,GpuCWT,16384,116,323,init:dsp_kernels,92.9637,4.8065,88.2013,101.782,,
20260830_183812_GpuCWT_c16384_f116,2026-08-30 18:38:12,048aa9a,GpuCWT,16384,116,323,init:dsp_upload,105.9114,13.9762,82.6721,136.8199,,
20260830_183812_GpuCWT_c16384_f116,2026-08-30 18:38:12,048aa9a,GpuCWT,16384,116,323,init:other,30.2461,4.7261,27.5138,44.6184,,
20260830_183812_GpuCWT_c16384_f116,2026-08-30 18:38:12,048aa9a,GpuCWT,16384,116,323,init:prescan,91.1571,20.8467,77.4356,144.2274,,
20260830_183812_GpuCWT_c16384_f116,2026-08-30 18:38:12,048aa9a,GpuCWT,16384,116,323,init:prime,14.8799,9.4575,9.7537,43.8171,,
20260830_183812_GpuCWT_c16384_f116,2026-08-30 18:38:12,048aa9a,GpuCWT,16384,116,323,init:render_buffer,0.1033,0.0415,0.0724,0.2084,,
20260830_183812_GpuCWT_c16384_f116,2026-08-30 18:38:12,048aa9a,GpuCWT,16384,116,323,init:render_glcontext,81.0583,52.8713,52.1112,250.2274,,
20260830_183812_GpuCWT_c16384_f116,2026-08-30 18:38:12,048aa9a,GpuCWT,16384,116,323,init:render_shader,6.5223,2.5039,3.3181,10.0442,,
20260830_183812_GpuCWT_c16384_f116,2026-08-30 18:38:12,048aa9a,GpuCWT,16384,116,323,init:renderer,87.7179,54.4391,55.7146,260.3773,,
20260830_183812_GpuCWT_c16384_f116,2026-08-30 18:38:12,048aa9a,GpuCWT,16384,116,323,TOTAL,5.8608,0.3989,5.009,11.0269,100.0,31.695
